Week,Store,Channel,Drink,Price,Wait_Minutes,Age,Satisfaction
1,Campus,Mobile app,Tea,3.25,5.6,47,5
1,Campus,Mobile app,Latte,5.25,2.7,19,6
1,Downtown,In store,Tea,3.25,10.8,69,6
1,Downtown,In store,Drip coffee,2.95,7.5,72,6
1,Eastside,In store,Latte,5.25,6,61,5
1,Downtown,Mobile app,Drip coffee,2.95,1.7,19,7
1,Eastside,In store,Drip coffee,2.95,4.8,61,6
1,Campus,Mobile app,Cold brew,4.75,2,21,6
1,Eastside,Mobile app,Tea,3.25,1.3,19,7
1,Downtown,In store,Latte,5.25,8.7,52,4
1,Eastside,In store,Latte,5.25,5.6,31,6
1,Campus,Mobile app,Latte,5.25,4.8,59,6
1,Campus,Mobile app,Latte,5.25,3.5,27,5
1,Campus,Mobile app,Cold brew,4.75,1.2,20,5
1,Campus,Mobile app,Drip coffee,2.95,2.2,34,6
1,Campus,In store,Tea,3.25,10,20,5
1,Eastside,In store,Drip coffee,2.95,5.1,22,7
1,Campus,In store,Smoothie,6.75,10.7,20,4
1,Campus,In store,Cold brew,4.75,11.4,22,3
1,Campus,In store,Smoothie,6.75,10.9,18,3
1,Campus,Mobile app,Latte,5.25,2.7,19,6
1,Downtown,In store,Cold brew,4.75,9.3,20,5
1,Downtown,In store,Cold brew,4.75,7.7,20,6
1,Eastside,In store,Drip coffee,2.95,4.9,45,7
1,Downtown,Mobile app,Smoothie,6.75,1,28,4
1,Campus,Mobile app,Drip coffee,2.95,1.6,21,6
1,Downtown,Mobile app,Smoothie,6.75,1,19,4
1,Downtown,Mobile app,Cold brew,4.75,4.3,38,5
1,Campus,Mobile app,Cold brew,4.75,4.1,25,4
1,Eastside,In store,Drip coffee,2.95,5.4,19,6
1,Campus,In store,Cold brew,4.75,12.8,20,5
1,Campus,Mobile app,Smoothie,6.75,2.1,19,5
1,Eastside,Mobile app,Latte,5.25,3.2,72,6
1,Campus,Mobile app,Latte,5.25,1.4,71,7
1,Downtown,In store,Drip coffee,2.95,7.9,19,6
1,Downtown,Mobile app,Tea,3.25,1.2,25,6
1,Campus,Mobile app,Cold brew,4.75,1.7,19,7
1,Downtown,In store,Latte,5.25,8.1,20,5
1,Campus,Mobile app,Latte,5.25,1.8,19,6
1,Campus,Mobile app,Smoothie,6.75,2.6,19,5
1,Eastside,In store,Tea,3.25,5,34,6
1,Downtown,In store,Drip coffee,2.95,8.8,20,4
1,Downtown,In store,Smoothie,6.75,7.4,20,5
1,Downtown,Mobile app,Latte,5.25,1,23,6
1,Campus,Mobile app,Smoothie,6.75,2,20,7
2,Eastside,In store,Drip coffee,2.95,4.3,55,7
2,Campus,Mobile app,Tea,3.25,0.2,22,6
2,Downtown,In store,Drip coffee,2.95,4.7,20,6
2,Downtown,In store,Drip coffee,2.95,6,27,6
2,Campus,In store,Smoothie,6.75,7.1,24,6
2,Downtown,In store,Cold brew,4.75,7.5,23,5
2,Eastside,In store,Drip coffee,2.95,5.1,22,7
2,Campus,Mobile app,Cold brew,4.75,0.3,20,7
2,Downtown,In store,Latte,5.25,6.1,19,7
2,Campus,Mobile app,Latte,5.25,1.5,20,5
2,Eastside,In store,Cold brew,4.75,4.7,71,7
2,Eastside,Mobile app,Drip coffee,2.95,0.5,62,7
2,Campus,Mobile app,Smoothie,6.75,0.7,20,6
2,Downtown,In store,Drip coffee,2.95,6.7,20,7
2,Downtown,In store,Cold brew,4.75,5.6,36,6
2,Campus,Mobile app,Tea,3.25,0.8,26,7
2,Downtown,Mobile app,Tea,3.25,2.3,20,5
2,Downtown,Mobile app,Latte,5.25,1.6,22,5
2,Downtown,Mobile app,Latte,5.25,0.8,38,6
2,Eastside,In store,Latte,5.25,5,22,7
2,Campus,In store,Cold brew,4.75,8,20,6
2,Downtown,In store,Smoothie,6.75,6.1,21,6
2,Eastside,Mobile app,Tea,3.25,0.4,21,7
2,Eastside,In store,Latte,5.25,6.5,23,6
2,Downtown,In store,Drip coffee,2.95,12.7,19,2
2,Campus,In store,Latte,5.25,7.6,39,7
2,Eastside,In store,Drip coffee,2.95,4.8,54,5
2,Campus,Mobile app,Cold brew,4.75,1.1,21,5
2,Downtown,Mobile app,Smoothie,6.75,0,48,6
2,Campus,Mobile app,Cold brew,4.75,1.3,38,7
2,Campus,In store,Cold brew,4.75,8.3,19,4
2,Eastside,In store,Latte,5.25,4.2,41,7
2,Eastside,Mobile app,Latte,5.25,0.1,43,6
2,Campus,In store,Drip coffee,2.95,8.7,59,5
2,Campus,In store,Smoothie,6.75,7.7,21,6
2,Eastside,In store,Smoothie,6.75,4.2,54,7
2,Eastside,In store,Smoothie,6.75,4,26,6
2,Campus,Mobile app,Smoothie,6.75,0.2,27,6
2,Campus,In store,Latte,5.25,12.1,22,4
2,Campus,In store,Smoothie,6.75,7.4,32,7
3,Downtown,In store,Tea,3.25,5.3,65,6
3,Downtown,In store,Smoothie,6.75,3.9,28,7
3,Campus,Mobile app,Smoothie,6.75,0.2,19,7
3,Campus,In store,Drip coffee,2.95,6,23,7
3,Downtown,Mobile app,Latte,5.25,0.6,19,6
3,Downtown,In store,Latte,5.25,4.3,62,7
3,Eastside,In store,Cold brew,4.75,3.7,19,7
3,Campus,Mobile app,Cold brew,4.75,0,21,6
3,Eastside,In store,Drip coffee,2.95,5.7,21,6
3,Campus,Mobile app,Smoothie,6.75,1.6,21,7
3,Campus,Mobile app,Latte,5.25,0.8,21,6
3,Campus,In store,Drip coffee,2.95,5.2,24,5
3,Eastside,In store,Smoothie,6.75,6.4,26,7
3,Campus,Mobile app,Latte,5.25,0.6,31,7
3,Downtown,Mobile app,Cold brew,4.75,1.2,19,6
3,Eastside,Mobile app,Drip coffee,2.95,2.4,58,5
3,Downtown,In store,Smoothie,6.75,5.4,45,6
3,Eastside,In store,Drip coffee,2.95,4.4,21,7
3,Eastside,In store,Tea,3.25,5.2,27,7
3,Campus,Mobile app,Cold brew,4.75,0.3,21,7
3,Campus,In store,Cold brew,4.75,7.8,25,6
3,Campus,In store,Smoothie,6.75,5.8,20,7
3,Downtown,Mobile app,Latte,5.25,0,55,7
3,Downtown,Mobile app,Tea,3.25,0.9,23,7
3,Downtown,In store,Latte,5.25,4.1,19,7
3,Downtown,Mobile app,Drip coffee,2.95,0.1,19,6
3,Campus,In store,Drip coffee,2.95,5.4,21,6
3,Campus,Mobile app,Latte,5.25,0.9,20,6
3,Eastside,In store,Cold brew,4.75,5.6,20,7
3,Campus,In store,Smoothie,6.75,4.9,21,7
3,Downtown,Mobile app,Latte,5.25,0.9,72,6
3,Eastside,Mobile app,Latte,5.25,0.1,27,7
3,Eastside,In store,Latte,5.25,6.2,49,7
3,Downtown,Mobile app,Drip coffee,2.95,0.7,20,6
3,Downtown,In store,Drip coffee,2.95,6.8,22,6
3,Downtown,Mobile app,Latte,5.25,4.2,21,6
4,Eastside,In store,Latte,5.25,5.2,23,7
4,Eastside,In store,Smoothie,6.75,4.6,20,6
4,Downtown,In store,Drip coffee,2.95,3.8,34,7
4,Downtown,In store,Cold brew,4.75,4.4,35,7
4,Campus,In store,Cold brew,4.75,6.5,20,6
4,Eastside,In store,Latte,5.25,4.1,18,7
4,Downtown,Mobile app,Smoothie,6.75,0.1,27,6
4,Eastside,Mobile app,Smoothie,6.75,1.3,38,6
4,Downtown,Mobile app,Tea,3.25,0.9,29,6
4,Downtown,In store,Latte,5.25,5.5,20,6
4,Eastside,In store,Smoothie,6.75,4.3,56,4
4,Eastside,In store,Cold brew,4.75,7.7,23,5
4,Campus,In store,Tea,3.25,5.8,20,6
4,Campus,Mobile app,Cold brew,4.75,0.8,18,7
4,Downtown,In store,Cold brew,4.75,4.7,19,5
4,Campus,In store,Latte,5.25,5,27,6
4,Campus,In store,Latte,5.25,6.9,29,6
4,Downtown,Mobile app,Cold brew,4.75,1.2,70,6
4,Eastside,In store,Cold brew,4.75,3.3,22,6
4,Eastside,Mobile app,Latte,5.25,0.2,71,6
4,Downtown,In store,Cold brew,4.75,7,20,5
4,Eastside,In store,Drip coffee,2.95,5.8,32,7
4,Eastside,Mobile app,Cold brew,4.75,5.2,69,6
4,Campus,Mobile app,Cold brew,4.75,0.7,21,7
4,Campus,Mobile app,Latte,5.25,0.4,22,6
4,Eastside,In store,Cold brew,4.75,8.6,20,5
4,Campus,In store,Cold brew,4.75,5.5,60,4
4,Eastside,In store,Latte,5.25,5.2,41,7
4,Campus,Mobile app,Cold brew,4.75,1.9,21,7
4,Eastside,In store,Latte,5.25,4.6,32,6
4,Downtown,In store,Drip coffee,2.95,4.9,22,7
4,Eastside,In store,Drip coffee,2.95,4.2,30,5
4,Campus,In store,Latte,5.25,7,24,7
4,Campus,In store,Latte,5.25,7.4,20,4
4,Downtown,Mobile app,Drip coffee,2.95,0.2,19,6
4,Downtown,Mobile app,Tea,3.25,0.7,22,7
5,Campus,In store,Tea,3.25,7.7,21,5
5,Downtown,In store,Drip coffee,2.95,5.9,56,7
5,Downtown,In store,Cold brew,4.75,5,20,6
5,Downtown,In store,Latte,5.25,4.2,31,6
5,Downtown,Mobile app,Smoothie,6.75,0.8,19,5
5,Eastside,In store,Drip coffee,2.95,5.4,27,7
5,Campus,In store,Drip coffee,2.95,9.4,20,5
5,Downtown,Mobile app,Tea,3.25,1.5,72,7
5,Downtown,Mobile app,Latte,5.25,0.8,21,7
5,Downtown,In store,Tea,3.25,5,50,7
5,Campus,In store,Latte,5.25,6.7,24,6
5,Campus,In store,Tea,3.25,7,21,5
5,Campus,In store,Latte,5.25,6.2,19,5
5,Campus,Mobile app,Latte,5.25,0.3,65,6
5,Campus,Mobile app,Latte,5.25,1.4,23,7
5,Eastside,In store,Drip coffee,2.95,4.8,41,6
5,Eastside,In store,Latte,5.25,3.9,65,7
5,Eastside,Mobile app,Latte,5.25,0,19,7
5,Campus,Mobile app,Cold brew,4.75,0.2,19,7
5,Campus,In store,Smoothie,6.75,6.7,20,6
5,Downtown,Mobile app,Drip coffee,2.95,0,19,7
5,Downtown,In store,Smoothie,6.75,4.9,46,7
5,Downtown,Mobile app,Latte,5.25,0,29,6
5,Campus,Mobile app,Latte,5.25,0,22,7
5,Downtown,In store,Cold brew,4.75,4.8,26,7
5,Downtown,In store,Drip coffee,2.95,4.7,20,5
5,Eastside,In store,Drip coffee,2.95,11,18,4
5,Campus,Mobile app,Latte,5.25,1.1,19,6
5,Eastside,Mobile app,Drip coffee,2.95,1.6,19,7
5,Campus,In store,Drip coffee,2.95,5.5,46,6
5,Downtown,In store,Drip coffee,2.95,4.9,43,6
5,Eastside,In store,Tea,3.25,9.4,45,4
5,Campus,In store,Cold brew,4.75,9,19,6
5,Campus,In store,Cold brew,4.75,6.7,24,5
5,Campus,Mobile app,Drip coffee,2.95,0.6,18,6
5,Downtown,In store,Drip coffee,2.95,4.5,41,5
6,Downtown,Mobile app,Drip coffee,2.95,3.7,39,5
6,Campus,In store,Cold brew,4.75,7,24,6
6,Campus,In store,Latte,5.25,12,26,3
6,Eastside,In store,Cold brew,4.75,4.5,23,6
6,Downtown,In store,Smoothie,6.75,4.1,72,7
6,Eastside,Mobile app,Drip coffee,2.95,0.6,49,7
6,Downtown,Mobile app,Drip coffee,2.95,0,19,7
6,Downtown,In store,Tea,3.25,6.5,19,6
6,Downtown,In store,Latte,5.25,4,19,6
6,Campus,Mobile app,Smoothie,6.75,0,29,5
6,Downtown,Mobile app,Drip coffee,2.95,0,23,6
6,Campus,In store,Smoothie,6.75,8.1,42,5
6,Downtown,Mobile app,Latte,5.25,0,26,7
6,Eastside,Mobile app,Latte,5.25,0.5,25,5
6,Eastside,Mobile app,Smoothie,6.75,1.6,28,7
6,Eastside,In store,Latte,5.25,3.4,33,6
6,Eastside,Mobile app,Latte,5.25,0,48,7
6,Downtown,In store,Cold brew,4.75,4.8,67,6
6,Campus,Mobile app,Cold brew,4.75,2.9,22,6
6,Campus,In store,Cold brew,4.75,6.3,52,6
6,Campus,Mobile app,Tea,3.25,0.8,25,7
6,Campus,Mobile app,Cold brew,4.75,1.2,19,6
6,Campus,Mobile app,Latte,5.25,0,22,7
6,Campus,Mobile app,Tea,3.25,1.1,23,6
6,Campus,Mobile app,Latte,5.25,1.1,23,6
6,Downtown,In store,Latte,5.25,6.9,57,4
6,Eastside,In store,Drip coffee,2.95,4.6,56,6
6,Campus,In store,Drip coffee,2.95,5.4,20,7
6,Downtown,In store,Latte,5.25,7.3,21,5
6,Campus,In store,Latte,5.25,5.6,18,6
6,Campus,Mobile app,Smoothie,6.75,0.7,20,5
6,Eastside,In store,Tea,3.25,4.4,33,7
6,Campus,Mobile app,Cold brew,4.75,0,20,6
6,Downtown,In store,Cold brew,4.75,5.7,35,6
6,Campus,Mobile app,Smoothie,6.75,0,20,7
6,Campus,Mobile app,Cold brew,4.75,0,19,5
6,Campus,In store,Tea,3.25,5.8,19,5
7,Downtown,Mobile app,Tea,3.25,0.6,34,7
7,Downtown,Mobile app,Drip coffee,2.95,2,38,7
7,Campus,In store,Latte,5.25,9.4,25,5
7,Eastside,In store,Latte,5.25,6.2,44,6
7,Eastside,In store,Tea,3.25,4.4,21,6
7,Campus,In store,Latte,5.25,9.9,23,4
7,Eastside,In store,Drip coffee,2.95,7.6,27,6
7,Downtown,Mobile app,Latte,5.25,1.8,22,6
7,Eastside,In store,Latte,5.25,5.7,22,5
7,Eastside,In store,Drip coffee,2.95,7.5,19,6
7,Campus,In store,Latte,5.25,14.5,22,3
7,Campus,In store,Tea,3.25,10.1,19,6
7,Downtown,In store,Latte,5.25,6.4,23,6
7,Campus,Mobile app,Latte,5.25,1.4,20,7
7,Campus,In store,Latte,5.25,8.5,20,6
7,Campus,In store,Cold brew,4.75,10,19,6
7,Campus,In store,Drip coffee,2.95,8,21,6
7,Campus,In store,Drip coffee,2.95,10.8,23,4
7,Eastside,In store,Cold brew,4.75,4.1,35,7
7,Campus,Mobile app,Cold brew,4.75,1.4,27,5
7,Campus,In store,Drip coffee,2.95,8.8,20,6
7,Eastside,In store,Tea,3.25,5.9,53,5
7,Eastside,Mobile app,Tea,3.25,0.6,30,6
7,Eastside,In store,Drip coffee,2.95,4.5,24,5
7,Campus,In store,Smoothie,6.75,10.1,21,5
7,Campus,In store,Smoothie,6.75,9.4,20,4
7,Downtown,In store,Drip coffee,2.95,7,69,3
7,Campus,Mobile app,Latte,5.25,1.1,22,7
7,Campus,Mobile app,Smoothie,6.75,0.7,21,6
7,Eastside,In store,Tea,3.25,6.8,19,6
7,Eastside,In store,Latte,5.25,6,19,6
7,Campus,Mobile app,Smoothie,6.75,0.6,21,6
7,Eastside,Mobile app,Tea,3.25,0,72,7
7,Eastside,In store,Latte,5.25,5.3,19,6
7,Downtown,In store,Smoothie,6.75,5.8,42,7
7,Campus,Mobile app,Latte,5.25,2.2,23,5
7,Eastside,In store,Cold brew,4.75,5.6,25,6
7,Downtown,Mobile app,Latte,5.25,1,45,7
7,Downtown,In store,Latte,5.25,6.2,24,5
7,Campus,In store,Latte,5.25,11.4,19,5
7,Campus,In store,Latte,5.25,9.9,21,6
8,Campus,Mobile app,Cold brew,4.75,1.5,24,6
8,Campus,In store,Drip coffee,2.95,9.9,19,5
8,Downtown,Mobile app,Cold brew,4.75,1.6,21,6
8,Campus,In store,Drip coffee,2.95,10.3,21,5
8,Campus,In store,Cold brew,4.75,13.6,20,1
8,Eastside,In store,Latte,5.25,6.2,41,5
8,Campus,Mobile app,Drip coffee,2.95,4,18,6
8,Downtown,In store,Drip coffee,2.95,7.5,23,5
8,Eastside,In store,Drip coffee,2.95,4.7,26,7
8,Downtown,In store,Drip coffee,2.95,7.8,48,6
8,Campus,In store,Cold brew,4.75,9.5,49,4
8,Campus,In store,Tea,3.25,10.8,21,3
8,Campus,In store,Cold brew,4.75,10.8,45,6
8,Campus,In store,Smoothie,6.75,11.9,18,3
8,Downtown,In store,Drip coffee,2.95,8.2,38,6
8,Downtown,In store,Drip coffee,2.95,8,51,4
8,Campus,In store,Cold brew,4.75,11,43,2
8,Campus,In store,Latte,5.25,12.5,19,3
8,Campus,Mobile app,Drip coffee,2.95,1.7,22,5
8,Campus,In store,Tea,3.25,10.7,19,3
8,Eastside,In store,Latte,5.25,6.2,19,6
8,Eastside,In store,Latte,5.25,4.7,20,6
8,Campus,In store,Latte,5.25,10.8,58,4
8,Downtown,In store,Latte,5.25,6.5,20,7
8,Campus,In store,Tea,3.25,13.8,22,3
8,Campus,In store,Drip coffee,2.95,9.7,20,4
8,Campus,Mobile app,Latte,5.25,3.4,19,6
8,Eastside,In store,Cold brew,4.75,6.2,42,5
8,Campus,Mobile app,Latte,5.25,4.7,18,6
8,Campus,In store,Latte,5.25,10.8,18,5
8,Eastside,Mobile app,Drip coffee,2.95,0,36,7
8,Campus,In store,Cold brew,4.75,15.6,20,2
8,Eastside,Mobile app,Drip coffee,2.95,0.3,21,7
8,Downtown,Mobile app,Drip coffee,2.95,4.3,53,4
8,Downtown,In store,Drip coffee,2.95,7.2,22,6
8,Campus,Mobile app,Cold brew,4.75,3.5,21,6
8,Downtown,In store,Tea,3.25,6.7,41,6
8,Campus,Mobile app,Tea,3.25,1.6,22,7
8,Eastside,In store,Latte,5.25,6.3,45,7
8,Eastside,In store,Tea,3.25,4.7,21,7
8,Downtown,Mobile app,Latte,5.25,1.5,38,7
8,Downtown,In store,Cold brew,4.75,7.3,18,5
8,Downtown,In store,Latte,5.25,8.5,23,6
8,Downtown,In store,Latte,5.25,6.8,39,4
9,Eastside,In store,Smoothie,6.75,4.4,64,4
9,Eastside,Mobile app,Cold brew,4.75,0,20,7
9,Eastside,In store,Drip coffee,2.95,5,19,6
9,Downtown,In store,Latte,5.25,5.5,29,4
9,Downtown,In store,Tea,3.25,5.6,20,7
9,Downtown,Mobile app,Latte,5.25,0.3,46,7
9,Eastside,In store,Tea,3.25,7.6,22,5
9,Campus,Mobile app,Cold brew,4.75,0,18,7
9,Eastside,In store,Drip coffee,2.95,5.7,30,7
9,Campus,In store,Cold brew,4.75,6.6,21,7
9,Campus,Mobile app,Drip coffee,2.95,2,19,6
9,Campus,In store,Cold brew,4.75,6,23,6
9,Downtown,Mobile app,Cold brew,4.75,3,31,5
9,Campus,In store,Latte,5.25,6.4,19,7
9,Eastside,In store,Smoothie,6.75,7.2,40,6
9,Downtown,Mobile app,Latte,5.25,3.1,38,4
9,Downtown,In store,Latte,5.25,5.2,18,6
9,Downtown,In store,Tea,3.25,5.2,37,7
9,Eastside,In store,Drip coffee,2.95,6.6,38,3
9,Downtown,In store,Drip coffee,2.95,8.4,22,5
9,Downtown,In store,Drip coffee,2.95,5.3,32,7
9,Downtown,Mobile app,Latte,5.25,2.4,29,5
9,Eastside,In store,Drip coffee,2.95,4.4,20,7
9,Eastside,In store,Tea,3.25,3.8,58,6
9,Eastside,Mobile app,Smoothie,6.75,0.2,19,4
9,Campus,In store,Cold brew,4.75,5.9,21,7
9,Downtown,Mobile app,Latte,5.25,2.2,54,6
9,Campus,In store,Cold brew,4.75,6.7,24,5
9,Downtown,Mobile app,Latte,5.25,0.1,22,7
9,Campus,Mobile app,Drip coffee,2.95,2.6,19,6
9,Campus,Mobile app,Cold brew,4.75,1.2,20,7
9,Campus,In store,Cold brew,4.75,6.2,35,6
9,Eastside,In store,Latte,5.25,4.3,38,5
9,Eastside,In store,Cold brew,4.75,5,47,6
9,Downtown,Mobile app,Latte,5.25,0.6,18,6
10,Campus,In store,Latte,5.25,5,40,6
10,Downtown,In store,Latte,5.25,4.5,47,7
10,Campus,In store,Cold brew,4.75,7,20,6
10,Eastside,Mobile app,Smoothie,6.75,0.3,37,6
10,Eastside,In store,Drip coffee,2.95,5.1,42,5
10,Eastside,In store,Smoothie,6.75,4.3,19,6
10,Downtown,In store,Drip coffee,2.95,4.8,20,5
10,Downtown,In store,Latte,5.25,4.4,20,6
10,Downtown,In store,Cold brew,4.75,4.1,21,7
10,Downtown,Mobile app,Latte,5.25,0.4,35,6
10,Eastside,In store,Latte,5.25,4.7,72,6
10,Eastside,In store,Latte,5.25,6.3,21,6
10,Campus,In store,Smoothie,6.75,7.6,21,5
10,Campus,Mobile app,Cold brew,4.75,2.4,52,5
10,Campus,Mobile app,Tea,3.25,0,28,7
10,Campus,In store,Smoothie,6.75,5.9,63,5
10,Eastside,In store,Tea,3.25,5,65,5
10,Campus,Mobile app,Cold brew,4.75,1.5,29,5
10,Campus,In store,Latte,5.25,5.5,22,6
10,Campus,Mobile app,Cold brew,4.75,0.9,25,5
10,Downtown,In store,Latte,5.25,7,21,5
10,Campus,Mobile app,Latte,5.25,1.5,20,7
10,Downtown,In store,Tea,3.25,6.1,26,5
10,Downtown,In store,Drip coffee,2.95,5,20,6
10,Campus,In store,Tea,3.25,7,20,6
10,Downtown,In store,Tea,3.25,5,30,6
10,Campus,In store,Latte,5.25,7.9,19,5
10,Eastside,Mobile app,Drip coffee,2.95,0,39,6
10,Campus,In store,Tea,3.25,6.6,21,6
10,Downtown,In store,Cold brew,4.75,5.9,55,6
10,Campus,In store,Latte,5.25,5.1,18,7
10,Downtown,Mobile app,Latte,5.25,1.1,56,5
10,Campus,In store,Cold brew,4.75,7.7,22,7
10,Campus,Mobile app,Drip coffee,2.95,0.2,21,6
10,Campus,In store,Cold brew,4.75,4.5,18,7
11,Campus,Mobile app,Latte,5.25,1.5,20,6
11,Downtown,In store,Latte,5.25,4.8,20,6
11,Campus,Mobile app,Drip coffee,2.95,0,26,5
11,Downtown,Mobile app,Tea,3.25,0.3,20,4
11,Campus,In store,Latte,5.25,5.3,19,6
11,Downtown,In store,Drip coffee,2.95,4.3,32,6
11,Eastside,Mobile app,Latte,5.25,1.1,57,5
11,Downtown,In store,Latte,5.25,5.1,21,6
11,Eastside,In store,Latte,5.25,5,38,7
11,Campus,In store,Smoothie,6.75,5.3,21,7
11,Downtown,In store,Smoothie,6.75,10,19,4
11,Campus,In store,Tea,3.25,9.9,19,5
11,Campus,In store,Cold brew,4.75,5.8,20,6
11,Eastside,In store,Smoothie,6.75,5.6,20,7
11,Downtown,In store,Drip coffee,2.95,4.5,22,7
11,Campus,In store,Tea,3.25,6.3,20,5
11,Campus,In store,Drip coffee,2.95,6.7,21,6
11,Campus,Mobile app,Smoothie,6.75,0.3,19,4
11,Campus,Mobile app,Smoothie,6.75,0.1,19,7
11,Campus,Mobile app,Tea,3.25,1.4,18,6
11,Campus,In store,Tea,3.25,7.2,32,4
11,Campus,Mobile app,Cold brew,4.75,2,19,5
11,Campus,Mobile app,Smoothie,6.75,0,27,7
11,Downtown,In store,Latte,5.25,4.5,35,7
11,Downtown,In store,Tea,3.25,5.9,19,6
11,Campus,Mobile app,Tea,3.25,0,20,6
11,Campus,Mobile app,Cold brew,4.75,2,40,7
11,Campus,Mobile app,Drip coffee,2.95,0,30,7
11,Eastside,In store,Latte,5.25,5.2,20,6
11,Downtown,Mobile app,Drip coffee,2.95,1.6,20,5
11,Campus,In store,Cold brew,4.75,6.6,24,7
11,Downtown,In store,Drip coffee,2.95,4.9,39,7
11,Campus,In store,Tea,3.25,5.9,21,5
11,Downtown,In store,Cold brew,4.75,5.6,59,6
11,Campus,Mobile app,Latte,5.25,0,21,7
11,Eastside,Mobile app,Smoothie,6.75,1,19,5
11,Campus,In store,Cold brew,4.75,5.2,32,6
12,Eastside,In store,Latte,5.25,6,54,6
12,Eastside,In store,Latte,5.25,3.9,20,7
12,Eastside,Mobile app,Smoothie,6.75,0.5,28,6
12,Downtown,Mobile app,Latte,5.25,0.8,23,7
12,Campus,In store,Latte,5.25,5.8,19,7
12,Campus,In store,Smoothie,6.75,6.7,18,5
12,Campus,In store,Latte,5.25,6.5,19,5
12,Eastside,In store,Drip coffee,2.95,5.7,29,4
12,Campus,In store,Latte,5.25,6.3,22,5
12,Eastside,In store,Smoothie,6.75,3.9,54,5
12,Downtown,Mobile app,Drip coffee,2.95,0,19,7
12,Campus,Mobile app,Latte,5.25,0,21,6
12,Downtown,In store,Drip coffee,2.95,4.1,55,7
12,Eastside,In store,Tea,3.25,4.5,48,6
12,Downtown,In store,Drip coffee,2.95,10.3,51,4
12,Campus,Mobile app,Tea,3.25,4.5,47,5
12,Campus,Mobile app,Smoothie,6.75,0,24,5
12,Campus,Mobile app,Drip coffee,2.95,0,19,6
12,Eastside,In store,Latte,5.25,5.2,20,6
12,Downtown,Mobile app,Drip coffee,2.95,2,24,7
12,Downtown,Mobile app,Drip coffee,2.95,0,24,7
12,Campus,Mobile app,Latte,5.25,0.2,18,6
12,Downtown,In store,Tea,3.25,7.5,21,6
12,Campus,In store,Tea,3.25,5.2,36,6
12,Eastside,In store,Latte,5.25,5.2,35,6
12,Campus,In store,Latte,5.25,5.2,19,4
12,Campus,In store,Cold brew,4.75,5.9,20,7
12,Eastside,In store,Latte,5.25,4.8,35,7
12,Campus,Mobile app,Tea,3.25,0,22,6
12,Eastside,In store,Drip coffee,2.95,9,61,6
12,Downtown,In store,Cold brew,4.75,3.9,20,6
12,Campus,Mobile app,Tea,3.25,1.1,19,7
12,Campus,Mobile app,Latte,5.25,0,18,7
12,Eastside,Mobile app,Latte,5.25,1.4,20,6
12,Downtown,Mobile app,Drip coffee,2.95,1.5,22,5
12,Campus,Mobile app,Latte,5.25,0.2,19,6
12,Eastside,In store,Latte,5.25,4.4,50,5
13,Downtown,In store,Latte,5.25,5.5,22,5
13,Downtown,In store,Smoothie,6.75,4.9,50,7
13,Downtown,In store,Smoothie,6.75,4.5,42,6
13,Downtown,In store,Smoothie,6.75,4.8,27,7
13,Eastside,In store,Drip coffee,2.95,5.4,43,7
13,Campus,Mobile app,Cold brew,4.75,2.8,20,6
13,Eastside,In store,Smoothie,6.75,4,40,7
13,Downtown,Mobile app,Latte,5.25,1.1,21,6
13,Downtown,In store,Latte,5.25,4.5,67,5
13,Downtown,Mobile app,Cold brew,4.75,0.3,56,7
13,Eastside,In store,Drip coffee,2.95,4.9,54,6
13,Campus,In store,Latte,5.25,7.6,24,5
13,Campus,In store,Drip coffee,2.95,7,22,7
13,Eastside,In store,Drip coffee,2.95,4.1,43,6
13,Campus,Mobile app,Cold brew,4.75,0.5,22,5
13,Eastside,Mobile app,Latte,5.25,0.2,20,6
13,Downtown,Mobile app,Cold brew,4.75,0.5,33,5
13,Campus,Mobile app,Cold brew,4.75,1,20,7
13,Campus,Mobile app,Smoothie,6.75,0.9,20,5
13,Campus,Mobile app,Latte,5.25,0,31,6
13,Campus,In store,Latte,5.25,5.4,57,6
13,Campus,In store,Cold brew,4.75,9,20,5
13,Downtown,Mobile app,Latte,5.25,0,64,7
13,Downtown,Mobile app,Cold brew,4.75,0.2,64,7
13,Campus,In store,Smoothie,6.75,6,19,6
13,Downtown,Mobile app,Latte,5.25,0,52,5
13,Campus,In store,Cold brew,4.75,6.4,27,7
13,Eastside,In store,Drip coffee,2.95,5.2,39,6
13,Campus,Mobile app,Latte,5.25,0.9,26,7
13,Campus,Mobile app,Latte,5.25,0.2,21,7
13,Campus,Mobile app,Smoothie,6.75,0.6,25,6
13,Downtown,In store,Latte,5.25,4.6,28,7
13,Downtown,In store,Latte,5.25,5.5,26,7
13,Campus,In store,Cold brew,4.75,9.1,33,5
14,Downtown,Mobile app,Drip coffee,2.95,2.2,23,5
14,Downtown,Mobile app,Latte,5.25,1,55,7
14,Eastside,In store,Drip coffee,2.95,7.1,19,4
14,Campus,Mobile app,Drip coffee,2.95,0,19,6
14,Eastside,In store,Cold brew,4.75,4.3,57,6
14,Eastside,In store,Tea,3.25,4.8,39,5
14,Eastside,In store,Latte,5.25,7.8,20,5
14,Campus,Mobile app,Drip coffee,2.95,0,19,7
14,Downtown,In store,Drip coffee,2.95,3.9,20,6
14,Campus,Mobile app,Latte,5.25,0,23,5
14,Downtown,In store,Drip coffee,2.95,5.3,67,6
14,Eastside,In store,Drip coffee,2.95,5.5,25,6
14,Eastside,In store,Smoothie,6.75,4.7,19,6
14,Eastside,Mobile app,Latte,5.25,1.6,19,6
14,Eastside,In store,Latte,5.25,6.6,49,7
14,Downtown,In store,Drip coffee,2.95,7.2,26,5
14,Downtown,In store,Drip coffee,2.95,5.3,34,7
15,Eastside,In store,Drip coffee,2.95,5.5,54,7
15,Downtown,In store,Tea,3.25,7.9,22,4
15,Campus,In store,Drip coffee,2.95,13,19,5
15,Eastside,Mobile app,Tea,3.25,2.2,45,4
15,Downtown,In store,Drip coffee,2.95,11,72,4
15,Downtown,Mobile app,Latte,5.25,1.5,38,6
15,Campus,In store,Latte,5.25,12.4,21,3
15,Campus,In store,Latte,5.25,11,19,5
15,Eastside,In store,Latte,5.25,7.3,24,6
15,Eastside,Mobile app,Drip coffee,2.95,1.4,46,6
15,Campus,Mobile app,Cold brew,4.75,2.7,20,5
15,Downtown,Mobile app,Latte,5.25,2.2,19,6
15,Campus,Mobile app,Drip coffee,2.95,4.8,21,5
15,Eastside,Mobile app,Tea,3.25,2.5,62,6
15,Campus,Mobile app,Drip coffee,2.95,1.6,18,7
15,Campus,Mobile app,Latte,5.25,2.9,21,6
15,Campus,Mobile app,Smoothie,6.75,1.5,22,6
15,Eastside,In store,Smoothie,6.75,6.7,20,6
15,Downtown,In store,Smoothie,6.75,8.9,23,6
15,Downtown,In store,Latte,5.25,8.6,19,4
15,Downtown,In store,Drip coffee,2.95,7.6,52,5
15,Downtown,Mobile app,Latte,5.25,2.3,23,6
15,Campus,In store,Smoothie,6.75,10.2,28,4
15,Eastside,Mobile app,Tea,3.25,0.4,38,5
15,Eastside,In store,Cold brew,4.75,4.9,19,6
15,Downtown,Mobile app,Smoothie,6.75,0.8,19,6
15,Eastside,Mobile app,Drip coffee,2.95,1,59,6
15,Downtown,In store,Drip coffee,2.95,7.5,50,5
15,Campus,In store,Cold brew,4.75,11.9,20,3
15,Eastside,In store,Cold brew,4.75,6.3,72,6
15,Campus,In store,Cold brew,4.75,12.2,48,3
15,Campus,Mobile app,Tea,3.25,1.3,21,6
15,Campus,Mobile app,Cold brew,4.75,2.9,23,5
15,Downtown,In store,Latte,5.25,8.7,43,6
15,Eastside,In store,Tea,3.25,9.1,21,5
15,Downtown,In store,Latte,5.25,9,60,3
15,Downtown,In store,Latte,5.25,11.8,20,4
15,Campus,In store,Tea,3.25,12.2,19,6
15,Downtown,Mobile app,Latte,5.25,2.3,57,6
15,Downtown,In store,Tea,3.25,7.3,25,5
15,Downtown,In store,Smoothie,6.75,7.9,18,3
15,Downtown,Mobile app,Tea,3.25,1,32,6
15,Downtown,In store,Latte,5.25,9.2,22,6
15,Campus,In store,Cold brew,4.75,10.2,20,5
15,Eastside,In store,Drip coffee,2.95,7.7,36,4
16,Downtown,Mobile app,Cold brew,4.75,0.9,29,6
16,Eastside,In store,Cold brew,4.75,6.1,21,7
16,Campus,Mobile app,Cold brew,4.75,1.6,20,5
16,Campus,In store,Latte,5.25,11.7,44,5
16,Eastside,In store,Latte,5.25,5.1,50,7
16,Downtown,In store,Cold brew,4.75,7.4,21,5
16,Downtown,Mobile app,Latte,5.25,1.3,21,5
16,Downtown,In store,Drip coffee,2.95,9.2,19,6
16,Downtown,Mobile app,Drip coffee,2.95,2,33,7
16,Eastside,In store,Smoothie,6.75,5.7,59,6
16,Eastside,In store,Cold brew,4.75,4.8,37,7
16,Campus,Mobile app,Latte,5.25,6.6,22,6
16,Eastside,Mobile app,Cold brew,4.75,1.3,52,6
16,Eastside,In store,Latte,5.25,4.8,34,7
16,Eastside,Mobile app,Drip coffee,2.95,2.1,72,6
16,Eastside,In store,Tea,3.25,9.5,39,5
16,Downtown,In store,Drip coffee,2.95,8,20,6
16,Campus,Mobile app,Latte,5.25,2.3,19,7
16,Campus,In store,Cold brew,4.75,12.3,18,6
16,Campus,Mobile app,Drip coffee,2.95,1.7,22,6
16,Campus,Mobile app,Tea,3.25,2.2,21,6
16,Downtown,Mobile app,Latte,5.25,1.7,20,5
16,Campus,In store,Latte,5.25,13.6,19,5
16,Eastside,In store,Latte,5.25,7.7,20,4
16,Eastside,In store,Tea,3.25,6.2,23,6
16,Eastside,In store,Drip coffee,2.95,5.1,72,7
16,Downtown,Mobile app,Drip coffee,2.95,3.4,60,4
16,Eastside,In store,Latte,5.25,5.5,34,7
16,Campus,In store,Cold brew,4.75,13.7,23,2
16,Campus,Mobile app,Latte,5.25,2.6,20,6
16,Downtown,In store,Tea,3.25,10,19,4
16,Campus,Mobile app,Drip coffee,2.95,2.4,56,6
16,Eastside,Mobile app,Cold brew,4.75,0.2,56,7
16,Eastside,In store,Latte,5.25,5.1,23,5
16,Downtown,In store,Cold brew,4.75,8.5,59,6
16,Downtown,In store,Drip coffee,2.95,7.6,20,5
16,Campus,In store,Smoothie,6.75,10.5,22,3
16,Downtown,In store,Drip coffee,2.95,8.9,28,5
16,Campus,In store,Cold brew,4.75,17.9,21,2
16,Downtown,Mobile app,Drip coffee,2.95,2.9,44,5
16,Eastside,In store,Tea,3.25,8.6,22,5
16,Campus,Mobile app,Latte,5.25,2,22,5
16,Eastside,In store,Drip coffee,2.95,5.2,33,6
16,Downtown,Mobile app,Latte,5.25,1.1,44,6
16,Campus,In store,Cold brew,4.75,11,20,2
