Respondent,Group,Importance
1,College student,Design factor
2,College graduate,Performance
3,College student,Design factor
4,College student,Design factor
5,College graduate,Performance
6,College graduate,Performance
7,College graduate,Performance
8,College graduate,Design factor
9,College graduate,Design factor
10,College student,Design factor
11,College student,Design factor
12,College graduate,Design factor
13,College student,Both equally
14,College student,Performance
15,College student,Performance
16,College graduate,Performance
17,College student,Performance
18,College student,Design factor
19,College student,Design factor
20,College student,Design factor
21,College graduate,Performance
22,College student,Performance
23,College student,Design factor
24,College graduate,Performance
25,College student,Performance
26,College student,Design factor
27,College graduate,Performance
28,College student,Performance
29,College student,Performance
30,College graduate,Performance
31,College graduate,Performance
32,College student,Design factor
33,College graduate,Design factor
34,College student,Design factor
35,College graduate,Performance
36,College graduate,Design factor
37,College graduate,Performance
38,College graduate,Performance
39,College student,Design factor
40,College student,Performance
41,College graduate,Performance
42,College student,Design factor
43,College graduate,Performance
44,College student,Performance
45,College graduate,Design factor
46,College student,Design factor
47,College student,Design factor
48,College student,Design factor
49,College student,Performance
50,College student,Design factor
51,College student,Performance
52,College graduate,Performance
53,College graduate,Both equally
54,College student,Design factor
55,College graduate,Performance
56,College student,Design factor
57,College student,Design factor
58,College graduate,Performance
59,College graduate,Design factor
60,College student,Design factor
61,College graduate,Design factor
62,College graduate,Performance
63,College student,Performance
64,College student,Design factor
65,College graduate,Design factor
66,College student,Design factor
67,College student,Design factor
68,College student,Design factor
69,College student,Performance
70,College student,Design factor
71,College student,Design factor
72,College graduate,Performance
73,College graduate,Performance
74,College student,Performance
75,College graduate,Design factor
76,College graduate,Performance
77,College graduate,Performance
78,College student,Design factor
79,College student,Performance
80,College student,Design factor
81,College student,Design factor
82,College student,Performance
83,College graduate,Design factor
84,College student,Design factor
85,College student,Design factor
86,College student,Design factor
87,College student,Design factor
88,College graduate,Design factor
89,College student,Design factor
90,College student,Design factor
91,College graduate,Performance
92,College graduate,Performance
93,College student,Design factor
94,College graduate,Performance
95,College graduate,Performance
96,College graduate,Design factor
97,College graduate,Performance
98,College student,Design factor
99,College graduate,Performance
100,College graduate,Performance
101,College graduate,Performance
102,College graduate,Design factor
103,College graduate,Design factor
104,College graduate,Design factor
105,College student,Design factor
106,College graduate,Design factor
107,College graduate,Performance
108,College graduate,Performance
109,College student,Design factor
110,College student,Design factor
111,College student,Performance
112,College student,Design factor
113,College student,Performance
114,College graduate,Design factor
115,College student,Design factor
116,College graduate,Performance
117,College graduate,Performance
118,College student,Design factor
119,College graduate,Performance
120,College student,Performance
121,College graduate,Performance
122,College graduate,Design factor
123,College student,Design factor
124,College student,Performance
125,College student,Performance
126,College student,Performance
127,College graduate,Design factor
128,College graduate,Design factor
129,College graduate,Both equally
130,College graduate,Performance
131,College graduate,Performance
132,College student,Performance
133,College graduate,Performance
134,College student,Performance
135,College student,Design factor
136,College graduate,Performance
137,College graduate,Design factor
138,College student,Performance
139,College student,Performance
140,College student,Performance
141,College graduate,Performance
142,College student,Performance
143,College student,Performance
144,College student,Design factor
145,College student,Performance
146,College student,Design factor
147,College student,Performance
148,College student,Design factor
149,College student,Design factor
150,College student,Performance
151,College student,Design factor
152,College graduate,Performance
153,College student,Design factor
154,College graduate,Performance
155,College graduate,Design factor
156,College graduate,Performance
157,College graduate,Design factor
158,College graduate,Performance
159,College student,Design factor
160,College graduate,Performance
161,College graduate,Design factor
162,College student,Performance
163,College student,Performance
164,College student,Design factor
165,College student,Design factor
166,College student,Performance
167,College graduate,Performance
168,College student,Design factor
169,College graduate,Performance
170,College graduate,Performance
171,College student,Performance
172,College student,Design factor
173,College student,Performance
174,College graduate,Performance
175,College graduate,Performance
176,College student,Performance
177,College graduate,Design factor
178,College graduate,Both equally
179,College graduate,Performance
180,College student,Design factor
181,College student,Performance
182,College graduate,Design factor
183,College student,Design factor
184,College graduate,Design factor
185,College student,Performance
186,College graduate,Performance
187,College student,Design factor
188,College student,Design factor
189,College student,Performance
190,College graduate,Performance
191,College graduate,Performance
192,College graduate,Design factor
193,College graduate,Design factor
194,College graduate,Design factor
195,College graduate,Both equally
196,College graduate,Performance
197,College student,Design factor
198,College graduate,Design factor
199,College student,Performance
200,College graduate,Performance
201,College graduate,Performance
202,College graduate,Performance
203,College graduate,Performance
204,College graduate,Design factor
205,College graduate,Performance
206,College graduate,Performance
207,College graduate,Performance
208,College graduate,Performance
209,College student,Design factor
210,College graduate,Design factor
211,College student,Performance
212,College student,Design factor
213,College student,Design factor
214,College student,Both equally
215,College graduate,Performance
216,College student,Performance
217,College student,Design factor
218,College graduate,Design factor
219,College graduate,Design factor
220,College student,Design factor
221,College student,Design factor
222,College student,Design factor
223,College student,Design factor
224,College graduate,Performance
225,College student,Design factor
226,College student,Design factor
227,College graduate,Performance
228,College graduate,Performance
229,College student,Design factor
230,College student,Both equally
231,College graduate,Design factor
232,College student,Design factor
233,College student,Design factor
234,College student,Both equally
235,College student,Performance
236,College student,Design factor
237,College student,Design factor
238,College student,Design factor
239,College graduate,Performance
240,College student,Design factor
241,College student,Design factor
242,College student,Performance
243,College student,Design factor
244,College graduate,Design factor
245,College student,Both equally
246,College graduate,Performance
247,College graduate,Design factor
248,College graduate,Design factor
249,College graduate,Performance
250,College student,Design factor
251,College graduate,Performance
252,College student,Design factor
253,College student,Performance
254,College graduate,Performance
255,College student,Design factor
256,College student,Design factor
257,College graduate,Performance
258,College student,Design factor
259,College graduate,Design factor
260,College student,Design factor
261,College student,Performance
262,College student,Performance
263,College student,Design factor
264,College graduate,Performance
265,College student,Performance
266,College student,Performance
267,College student,Design factor
268,College student,Performance
269,College student,Performance
270,College graduate,Performance
271,College student,Design factor
272,College graduate,Design factor
273,College student,Performance
274,College student,Performance
275,College student,Design factor
276,College student,Performance
277,College graduate,Performance
278,College student,Design factor
279,College student,Performance
280,College graduate,Performance
281,College student,Design factor
282,College graduate,Design factor
283,College student,Design factor
284,College graduate,Both equally
285,College graduate,Performance
286,College graduate,Performance
287,College student,Performance
288,College student,Design factor
289,College graduate,Performance
290,College graduate,Performance
291,College student,Design factor
292,College graduate,Design factor
293,College graduate,Performance
294,College graduate,Performance
295,College student,Performance
296,College graduate,Performance
297,College student,Design factor
298,College student,Design factor
299,College student,Performance
300,College student,Design factor
