Months,Medium,Success
1,LocalTV,Unsuccessful
2,LocalRadio,Successful
3,LocalTV,Unsuccessful
4,LocalTV,Successful
5,LocalRadio,Successful
6,LocalTV,Successful
7,LocalRadio,Successful
8,LocalTV,Successful
9,LocalTV,Successful
10,LocalRadio,Successful
11,LocalRadio,Unsuccessful
12,LocalRadio,Unsuccessful
13,LocalTV,Successful
14,LocalRadio,Unsuccessful
15,LocalTV,Successful
16,LocalRadio,Successful
17,LocalRadio,Unsuccessful
18,LocalRadio,Successful
19,LocalTV,Successful
20,LocalTV,Successful
21,LocalRadio,Successful
22,LocalTV,Unsuccessful
23,LocalRadio,Unsuccessful
24,LocalRadio,Unsuccessful
25,LocalTV,Unsuccessful
26,LocalTV,Unsuccessful
27,LocalTV,Unsuccessful
28,LocalRadio,Successful
29,LocalRadio,Unsuccessful
30,LocalTV,Successful
31,LocalTV,Unsuccessful
32,LocalRadio,Unsuccessful
33,LocalTV,Successful
34,LocalRadio,Unsuccessful
35,LocalTV,Successful
36,LocalRadio,Unsuccessful
37,LocalRadio,Unsuccessful
38,LocalRadio,Unsuccessful
39,LocalTV,Successful
40,LocalTV,Unsuccessful
