Gender,TimeSpent
Female,12
Female,25
Female,73
Female,34
Female,12
Female,56
Female,29
Female,43
Female,51
Female,49
Female,51
Female,46
Female,60
Female,53
Female,68
Female,26
Female,59
Female,41
Female,44
Female,47
Female,33
Female,37
Female,21
Female,12
Female,86
Male,53
Male,74
Male,16
Male,50
Male,31
Male,21
Male,61
Male,59
Male,39
Male,58
Male,17
Male,1
Male,53
Male,6
Male,7
Male,35
Male,17
Male,2
Male,18
Male,27
Male,9
Male,15
Male,6
Male,16
Male,55
