Subj ID,Seen Ad?,Overall Rating,Ad is - Entertaining,Ad is - Funny,Ad is - Creative,Ad is - Trendy,Ad is - Fresh,Ad is - Pleasant,Ad is - Surprising,Ad is - Memorable,Importance - Price,Importance - Design,Importance - Coolness,Own PC?,Own MAC?,Own Computer?
1,0,,,,,,,,,,6,6,4,1,0,1
2,0,,,,,,,,,,5,4,3,1,0,1
3,0,,,,,,,,,,7,4,1,1,0,1
4,0,,,,,,,,,,6,4,5,1,0,1
5,0,,,,,,,,,,7,6,5,1,0,1
6,0,,,,,,,,,,7,1,1,1,0,1
7,0,,,,,,,,,,5,5,6,0,1,2
8,0,,,,,,,,,,4,2,2,1,0,1
9,0,,,,,,,,,,1,5,1,1,0,1
10,0,,,,,,,,,,7,3,1,1,0,1
11,0,,,,,,,,,,7,3,1,1,1,3
12,0,,,,,,,,,,7,1,6,1,0,1
13,0,,,,,,,,,,6,5,3,1,1,3
14,0,,,,,,,,,,6,4,3,0,1,2
15,0,,,,,,,,,,6,6,4,1,0,1
16,0,,,,,,,,,,5,5,5,0,1,2
17,0,,,,,,,,,,5,7,3,1,0,1
18,0,,,,,,,,,,4,5,3,1,1,3
19,0,,,,,,,,,,5,5,4,0,1,2
20,0,,,,,,,,,,5,5,3,0,1,2
21,0,,,,,,,,,,4,6,4,0,1,2
22,0,,,,,,,,,,6,7,5,1,1,3
23,0,,,,,,,,,,7,6,2,1,0,1
24,0,,,,,,,,,,3,3,3,1,1,3
25,0,,,,,,,,,,4,7,7,1,0,1
26,0,,,,,,,,,,6,6,6,0,1,2
27,0,,,,,,,,,,5,5,3,1,0,1
28,0,,,,,,,,,,5,4,3,1,0,1
29,0,,,,,,,,,,4,5,5,0,1,2
30,0,,,,,,,,,,6,4,4,1,0,1
31,0,,,,,,,,,,,,,0,1,2
32,0,,,,,,,,,,4,3,2,1,0,1
33,0,,,,,,,,,,5,5,3,1,0,1
34,0,,,,,,,,,,7,6,6,1,0,1
35,0,,,,,,,,,,,,,1,0,1
36,0,,,,,,,,,,7,4,4,1,0,1
37,0,,,,,,,,,,6,5,5,0,1,2
38,0,,,,,,,,,,4,4,3,1,1,3
39,0,,,,,,,,,,7,4,4,1,0,1
40,0,,,,,,,,,,6,6,3,0,1,2
41,0,,,,,,,,,,5,3,4,1,0,1
42,0,,,,,,,,,,5,4,1,1,0,1
43,0,,,,,,,,,,6,6,6,1,0,1
44,0,,,,,,,,,,5,7,6,1,0,1
45,0,,,,,,,,,,5,7,7,0,1,2
46,0,,,,,,,,,,2,5,3,1,0,1
47,0,,,,,,,,,,4,2,5,0,1,2
48,0,,,,,,,,,,6,6,5,1,0,1
49,0,,,,,,,,,,5,3,4,1,1,3
50,0,,,,,,,,,,5,4,4,1,0,1
51,1,5,5,2,5,7,7,6,6,5,4,4,5,1,0,1
52,1,7,7,7,5,5,6,6,6,6,4,6,6,1,1,3
53,1,2,3,3,2,5,6,4,6,6,7,6,6,1,0,1
54,1,4,7,7,6,6,7,5,6,5,6,5,4,1,0,1
55,1,6,5,6,6,6,4,6,4,6,5,6,5,1,0,1
56,1,4,4,4,4,4,5,4,3,4,7,4,4,1,0,1
57,1,3,2,2,3,5,3,5,3,4,3,6,6,0,1,2
58,1,6,6,5,6,6,5,5,6,5,7,2,3,0,1,2
59,1,6,6,6,5,3,4,5,2,7,5,2,1,1,0,1
60,1,5,4,5,5,4,5,5,5,6,5,5,4,1,0,1
61,1,4,6,6,1,2,5,1,1,2,5,5,3,0,1,2
62,1,4,5,3,5,4,3,5,2,4,5,5,5,1,1,3
63,1,5,,,,,7,7,,1,7,6,2,1,0,1
64,1,5,3,4,6,6,3,7,2,7,6,6,3,0,1,2
65,1,6,6,4,6,4,4,6,4,6,4,6,4,1,1,3
66,1,6,6,5,6,6,6,7,6,7,6,5,4,1,0,1
67,1,6,6,6,5,5,6,7,5,6,6,4,3,1,0,1
68,1,6,7,5,5,3,6,3,4,5,5,6,5,1,0,1
69,1,3,5,5,2,6,2,3,2,5,3,7,7,0,1,2
70,1,7,7,7,6,1,2,7,6,1,7,6,6,1,0,1
71,1,4,4,2,3,6,7,1,1,2,6,7,1,1,0,1
72,1,5,3,2,2,5,4,5,1,6,1,5,1,1,0,1
73,1,5,4,2,5,5,4,5,4,6,4,6,7,1,0,1
74,1,4,5,5,2,2,5,4,2,3,6,6,6,1,0,1
75,1,6,6,6,6,6,6,6,4,7,5,5,5,0,1,2
76,1,6,7,4,6,5,7,7,5,5,6,6,5,1,1,3
77,1,6,5,5,6,4,5,6,4,6,6,5,3,1,0,1
78,1,4,5,4,3,4,5,6,2,4,6,4,4,1,0,1
79,1,6,6,4,3,5,6,6,4,6,6,5,4,1,0,1
80,1,5,2,6,1,4,2,4,1,4,6,5,6,0,1,2
81,1,6,6,5,5,5,6,7,4,5,6,6,4,0,1,2
82,1,5,6,5,4,5,5,5,3,6,5,4,5,1,0,1
83,1,5,5,3,4,4,5,5,4,6,3,6,6,0,1,2
84,1,6,6,4,6,6,6,6,4,5,6,6,6,1,0,1
85,1,6,6,6,4,4,4,6,2,4,6,4,1,0,1,2
86,1,3,3,3,3,4,3,5,4,5,5,3,2,1,1,3
87,1,3,3,2,5,4,4,3,6,6,7,6,2,1,0,1
88,1,5,5,6,6,5,3,2,4,7,7,2,4,1,0,1
89,1,5,5,1,5,4,5,7,3,6,6,7,4,1,1,3
90,1,4,5,2,4,4,5,6,2,6,6,5,5,1,0,1
91,1,7,7,7,4,5,6,7,6,7,2,7,7,1,0,1
92,1,5,4,3,4,4,4,4,3,5,4,5,4,0,1,2
93,1,5,5,5,5,5,4,5,5,5,5,5,5,0,1,2
94,1,6,5,3,6,6,6,7,4,5,7,5,4,1,0,1
95,1,5,4,4,6,5,5,6,6,3,6,6,5,0,1,2
96,1,4,5,3,4,5,3,5,2,3,5,5,4,1,0,1
97,1,4,4,5,4,5,5,4,2,3,4,5,4,0,1,2
98,1,5,5,6,5,5,6,5,5,5,6,6,5,0,1,2
99,1,4,5,5,4,6,6,4,4,4,5,5,4,0,1,2
100,1,5,5,5,6,5,6,6,4,5,6,6,5,0,1,2
