Week,Sales,Price,Summer
1,294,2.15,0
2,83,4.15,0
3,145,2.64,0
4,68,4.53,0
5,13,4.76,0
6,2430,1.18,0
7,105,3.11,0
8,35,4.57,0
9,109,3.21,0
10,102,2.83,0
11,22,4.83,0
12,81,2.81,0
13,34,3.71,0
14,97,3.29,0
15,1331,1.41,0
16,31,4.6,0
17,609,1.98,0
18,5188,1.17,0
19,189,2.31,0
20,8,4.82,0
21,52,4.56,0
22,39,3.77,0
23,104,3.56,1
24,90,4.98,1
25,121,3.62,1
26,64,3.83,1
27,226,3.18,1
28,160,3.38,1
29,660,2.16,1
30,2001,1.59,1
31,48,4.85,1
32,93,4.61,1
33,112,3.76,1
34,107,4.18,1
35,8626,1.1,1
36,150,2.91,0
37,39,4.03,0
38,810,1.87,0
39,419,2.27,0
40,545,1.93,0
41,868,1.57,0
42,116,2.66,0
43,316,2.65,0
44,145,2.48,0
45,2132,1.61,0
46,1690,1.56,0
47,369,1.93,0
48,76,2.86,0
49,239,2.06,0
50,39,4.43,0
51,1604,1.18,0
52,118,2.77,0
1,25,4.2,0
2,881,1.49,0
3,59,3.24,0
4,211,1.83,0
5,716,1.51,0
6,73,4.01,0
7,23,4.58,0
8,259,2.5,0
9,27,3.66,0
10,1103,1.38,0
11,236,2.54,0
12,374,2.1,0
13,41,4.26,0
14,100,2.79,0
15,26,4.24,0
16,23,4.25,0
17,43,4.18,0
18,88,2.76,0
19,36,4.02,0
20,60,3.52,0
21,132,3.84,0
22,2152,1,0
23,306,2.9,1
24,1038,1.88,1
25,256,2.52,1
26,156,3.45,1
27,976,2.41,1
28,2784,1.44,1
29,886,1.97,1
30,109,3.67,1
31,125,2.67,1
32,163,4.15,1
33,1140,1.41,1
34,467,2.74,1
35,143,4.94,1
36,15,4.57,0
37,45,4.55,0
38,532,1.7,0
39,387,1.52,0
40,30,3.61,0
41,101,2.37,0
42,48,3.63,0
43,121,2.28,0
44,785,1.75,0
45,121,4.13,0
46,609,1.37,0
47,187,2.87,0
48,154,3.05,0
49,90,3.4,0
50,142,2.33,0
51,109,2.95,0
52,23,4.82,0