"HHID","Recency","Frequency","Monetary","Choice_Purchase","Choice_NoPurchase"
1,11,5,41.6,0,1
2,16,1,41,0,1
3,6,7,87.1429,0,1
4,10,3,39.3333,0,1
5,18,1,48,0,1
6,4,1,48,0,1
7,10,2,28.5,0,1
8,10,2,70.5,0,1
9,18,2,26,0,1
10,17,2,36.5,0,1
11,19,1,35,0,1
12,7,1,73,0,1
13,15,1,18,0,1
14,8,1,84,0,1
15,8,3,70,1,0
16,15,1,38,0,1
17,11,1,67,0,1
18,12,1,85,0,1
19,17,1,35,0,1
20,16,2,114,0,1
21,7,5,129.8,0,1
22,19,1,64,0,1
23,15,2,79,0,1
24,13,4,41.75,0,1
25,18,1,41,0,1
26,6,4,55.25,0,1
27,16,1,54,0,1
28,18,1,37,0,1
29,4,1,54,0,1
30,3,5,105.4,0,1
31,3,2,51,1,0
32,17,1,72,0,1
33,7,7,40.1429,0,1
34,14,2,44.5,0,1
35,7,5,46.6,0,1
36,2,1,121,0,1
37,18,1,63,0,1
38,17,2,55.5,0,1
39,10,4,65.75,0,1
40,7,1,82,0,1
41,1,2,119,0,1
42,8,1,60,0,1
43,10,3,243.6667,1,0
44,19,1,44,0,1
45,18,1,44,0,1
46,1,1,48,0,1
47,19,1,50,0,1
48,18,1,40,0,1
49,13,1,41,0,1
50,19,1,31,0,1
51,19,1,25,0,1
52,1,7,81.1429,0,1
53,14,3,107,0,1
54,3,7,102.2857,1,0
55,19,1,35,0,1
56,18,2,107.5,0,1
57,15,1,61,0,1
58,16,2,51,0,1
59,17,1,32,0,1
60,10,2,23,0,1
61,11,1,139,0,1
62,13,1,56,0,1
63,2,2,36,0,1
64,4,6,62.6667,0,1
65,13,2,39,0,1
66,4,1,33,0,1
67,14,1,11,1,0
68,9,4,77.25,0,1
69,12,1,78,0,1
70,14,1,43,0,1
71,11,1,22,0,1
72,9,4,40.5,0,1
73,15,1,79,0,1
74,7,1,66,0,1
75,19,1,70,0,1
76,3,5,24.4,0,1
77,19,1,95,0,1
78,9,2,96,0,1
79,14,1,50,0,1
80,9,2,86,0,1
81,15,4,96,0,1
82,17,1,68,0,1
83,11,1,68,0,1
84,8,6,37.6667,0,1
85,17,2,69,0,1
86,19,1,44,0,1
87,5,1,80,0,1
88,13,2,116,0,1
89,14,2,10.5,0,1
90,13,3,103,0,1
91,13,2,43,0,1
92,14,2,58,0,1
93,15,1,31,0,1
94,1,1,22,0,1
95,18,2,55.5,0,1
96,19,1,46,0,1
97,14,2,51.5,0,1
98,7,1,40,0,1
99,2,2,41,0,1
100,6,1,102,1,0
101,19,1,55,0,1
102,12,1,44,0,1
103,13,2,33.5,0,1
104,13,5,128.4,0,1
105,6,1,57,0,1
106,10,1,76,0,1
107,18,1,70,0,1
108,19,1,63,0,1
109,17,2,50.5,0,1
110,10,5,84.2,0,1
111,18,2,70,0,1
112,2,4,70.75,0,1
113,17,2,36,0,1
114,19,1,43,0,1
115,8,2,108,0,1
116,15,1,55,0,1
117,18,1,47,0,1
118,2,7,125.7143,0,1
119,19,1,19,0,1
120,17,2,46.5,0,1
121,8,3,48,0,1
122,10,1,136,0,1
123,6,1,40,0,1
124,13,1,54,0,1
125,14,1,67,0,1
126,14,4,37.25,0,1
127,6,4,28.25,0,1
128,1,3,66,1,0
129,15,2,47.5,0,1
130,1,4,114.25,0,1
131,17,1,80,0,1
132,13,5,39.4,0,1
133,10,4,31.75,0,1
134,4,2,59,0,1
135,15,2,72,0,1
136,8,1,60,0,1
137,16,1,66,0,1
139,19,1,25,0,1
140,13,3,67.6667,0,1
141,2,6,37.1667,0,1
142,17,2,54,0,1
143,10,2,29,0,1
144,10,1,84,0,1
145,14,2,56.5,0,1
146,6,2,45.5,0,1
147,12,1,48,0,1
148,17,2,37,0,1
149,7,6,35,0,1
150,19,1,89,0,1
151,15,4,81.5,0,1
152,9,1,69,0,1
153,12,5,25.4,0,1
154,13,1,64,0,1
155,6,1,35,0,1
156,1,5,60.8,0,1
157,6,4,49.25,0,1
158,18,1,29,0,1
159,19,1,62,0,1
160,10,1,79,0,1
161,2,5,80.2,0,1
162,3,8,51.875,0,1
163,12,3,32.6667,0,1
164,14,1,85,0,1
165,4,1,37,0,1
166,15,1,31,0,1
167,15,2,15.5,0,1
168,14,1,57,0,1
169,18,1,56,0,1
170,1,3,36.6667,0,1
172,9,4,75.25,0,1
173,17,1,36,0,1
174,4,2,74,1,0
175,15,2,48,0,1
176,13,1,76,0,1
177,13,2,165.5,0,1
178,16,1,67,0,1
179,16,2,51.5,0,1
180,13,4,30.5,0,1
181,5,3,38,0,1
182,19,1,81,0,1
184,14,1,53,0,1
185,18,1,24,0,1
186,14,2,71.5,0,1
187,7,1,73,0,1
188,5,1,85,0,1
189,8,1,38,0,1
190,14,1,53,0,1
191,15,1,236,0,1
192,16,3,79,0,1
193,17,1,31,0,1
194,3,2,50,0,1
195,18,1,51,0,1
196,19,1,80,0,1
197,15,1,71,0,1
198,5,2,42.5,0,1
199,2,3,57.3333,0,1
200,15,1,66,0,1
201,15,3,93.3333,0,1
202,15,1,70,0,1
203,16,1,26,0,1
204,12,1,70,0,1
205,14,1,54,0,1
206,7,1,36,0,1
207,12,5,20.4,0,1
208,18,2,108,0,1
209,9,2,97,0,1
210,8,1,43,0,1
211,17,1,56,0,1
212,12,1,53,0,1
213,15,1,39,0,1
214,6,1,48,0,1
215,16,2,127,0,1
216,13,2,40.5,0,1
217,10,1,33,0,1
218,18,1,44,0,1
219,5,1,42,0,1
220,11,1,40,0,1
221,18,1,31,0,1
222,14,2,110,0,1
223,13,1,58,0,1
224,17,1,67,0,1
225,17,1,36,0,1
226,5,1,66,0,1
227,7,3,82.6667,0,1
228,10,2,57.5,0,1
229,19,1,40,0,1
230,19,1,76,0,1
231,17,3,47.3333,0,1
232,12,1,65,0,1
233,6,2,77,0,1
234,16,2,100.5,0,1
235,5,1,56,0,1
236,14,1,28,0,1
237,16,1,43,0,1
238,5,1,45,1,0
239,10,1,77,0,1
240,14,2,34,0,1
241,12,1,31,0,1
242,17,1,28,0,1
243,2,2,49.5,0,1
244,15,2,56,0,1
245,16,1,77,0,1
246,1,1,112,0,1
247,11,1,60,0,1
249,18,1,33,0,1
250,16,1,57,0,1
251,11,7,68.7143,0,1
252,15,4,74.75,0,1
253,5,5,48.6,0,1
254,6,1,215,1,0
255,10,3,36,0,1
256,12,2,53.5,0,1
257,14,2,33,0,1
258,3,1,47,0,1
259,1,2,59.5,0,1
260,6,4,37.25,0,1
261,13,2,59,0,1
262,17,1,48,0,1
263,17,1,86,0,1
264,8,3,117.6667,0,1
265,6,5,81,0,1
266,18,1,38,0,1
267,19,1,46,0,1
268,9,3,110.6667,1,0
269,14,1,68,0,1
270,5,3,81.6667,0,1
271,17,1,32,0,1
272,8,3,22.3333,0,1
273,10,2,73,0,1
274,14,4,73.5,0,1
275,6,1,57,0,1
276,16,2,87.5,0,1
277,18,2,62.5,0,1
278,9,3,48,0,1
279,17,1,102,0,1
280,19,1,44,0,1
281,14,1,36,0,1
282,14,1,20,0,1
283,6,2,26,0,1
284,8,2,69.5,0,1
285,17,1,126,0,1
286,9,1,64,0,1
287,19,1,30,0,1
288,19,1,72,0,1
290,19,1,91,0,1
291,15,1,39,0,1
292,13,2,68.5,0,1
293,10,2,54.5,0,1
294,1,13,27.6923,1,0
295,1,3,61,1,0
296,7,1,142,0,1
297,19,1,30,0,1
298,9,4,95,0,1
299,13,1,60,0,1
300,5,3,32.3333,0,1
301,10,2,94.5,0,1
302,10,6,92.3333,0,1
303,18,1,56,0,1
304,15,2,31.5,0,1
305,6,1,30,0,1
306,6,1,37,0,1
307,9,2,55,0,1
308,10,5,85,0,1
309,15,1,78,0,1
310,3,1,62,0,1
311,13,1,43,0,1
312,12,1,99,0,1
313,4,9,78.6667,0,1
314,18,2,167.5,0,1
315,12,1,29,0,1
316,17,1,70,0,1
317,17,1,73,0,1
318,13,1,76,0,1
319,1,1,44,1,0
320,19,1,38,0,1
321,8,2,17.5,0,1
322,17,1,68,0,1
323,13,1,55,0,1
324,15,2,65,0,1
325,14,2,68.5,0,1
326,19,1,39,0,1
327,10,4,92.75,0,1
328,9,1,19,0,1
329,2,1,37,0,1
330,15,2,69,0,1
331,9,1,33,0,1
332,10,1,51,0,1
333,19,1,39,0,1
334,19,1,12,0,1
335,17,1,59,0,1
336,16,1,61,0,1
337,6,5,112.6,0,1
338,19,1,25,0,1
339,11,1,89,0,1
340,2,2,39,1,0
341,11,3,142.3333,0,1
342,13,1,75,0,1
343,2,2,108,0,1
344,11,2,62.5,0,1
345,13,2,60.5,0,1
346,15,1,65,1,0
347,15,1,92,0,1
348,19,1,69,0,1
349,1,8,44.5,1,0
350,18,2,26,0,1
351,16,1,48,0,1
352,7,1,82,0,1
353,4,1,48,0,1
354,10,2,24.5,0,1
355,14,1,101,0,1
356,11,1,115,0,1
357,17,2,41.5,0,1
358,8,1,63,0,1
359,12,1,38,0,1
360,11,2,47.5,0,1
361,11,1,72,0,1
362,18,1,105,0,1
363,2,1,22,0,1
364,17,1,27,0,1
365,19,1,34,0,1
366,4,1,45,0,1
367,18,2,28.5,0,1
368,12,2,40,0,1
369,13,1,97,0,1
370,16,2,26,0,1
371,7,1,61,0,1
372,9,3,45,0,1
373,13,2,39,0,1
374,6,4,21.5,0,1
375,6,3,81.3333,0,1
376,15,1,40,0,1
377,10,3,34.6667,0,1
378,7,1,40,0,1
379,4,1,80,0,1
380,9,1,35,0,1
381,19,1,60,0,1
382,11,1,73,0,1
383,12,3,53.3333,0,1
384,17,1,60,0,1
385,9,1,71,1,0
386,8,3,51,0,1
387,6,2,87.5,0,1
388,13,2,20,0,1
389,17,1,110,0,1
390,2,2,176,0,1
391,10,3,118.3333,0,1
392,13,5,64.8,0,1
393,11,1,33,0,1
394,1,2,70,0,1
395,16,1,91,0,1
396,8,1,97,0,1
397,11,1,168,0,1
398,4,6,79.6667,0,1
399,1,9,43.7778,1,0
400,12,2,81,0,1
401,6,10,53.6,0,1
402,10,4,52.5,0,1
403,5,2,44,0,1
404,15,1,87,0,1
405,19,1,21,0,1
406,5,1,64,0,1
407,18,1,43,0,1
408,19,1,34,0,1
409,12,1,65,0,1
410,19,1,31,0,1
411,11,1,29,0,1
412,12,1,26,0,1
413,19,1,29,0,1
414,5,1,64,0,1
415,16,2,56.5,0,1
416,12,2,88.5,0,1
417,19,1,16,0,1
418,11,1,49,0,1
419,12,3,98,0,1
420,17,1,19,0,1
421,1,6,463.1667,1,0
422,18,1,114,0,1
423,19,1,31,0,1
424,17,2,97,0,1
425,14,2,76,0,1
426,11,1,37,0,1
427,13,1,40,0,1
428,12,1,50,0,1
429,9,2,54,0,1
430,5,4,92.75,0,1
431,2,1,81,0,1
432,3,2,86.5,1,0
433,18,1,34,0,1
434,17,2,24,0,1
435,14,3,31.3333,0,1
436,18,1,35,0,1
437,19,1,238,1,0
438,5,1,82,0,1
439,19,1,64,0,1
440,15,1,22,0,1
441,10,1,117,0,1
442,11,1,19,0,1
443,17,1,43,0,1
444,7,5,22,0,1
445,9,1,64,0,1
446,15,1,31,0,1
447,18,1,83,0,1
448,15,2,24.5,0,1
449,10,2,44.5,0,1
450,16,2,126,0,1
451,12,2,48,0,1
452,9,2,94,0,1
453,3,6,125.1667,0,1
454,14,2,81.5,0,1
455,5,4,135.25,0,1
456,18,1,46,0,1
457,14,1,43,0,1
458,3,9,47.8889,1,0
459,15,2,45,0,1
460,11,2,51,0,1
461,5,9,59.1111,0,1
462,12,2,66.5,0,1
463,15,1,69,0,1
464,17,2,52,0,1
465,19,1,29,0,1
466,11,3,34.3333,0,1
467,19,1,29,0,1
468,15,3,37.6667,0,1
469,18,1,27,0,1
470,1,3,43.6667,1,0
471,10,2,61,0,1
472,2,1,146,0,1
473,12,3,28,0,1
474,5,1,40,0,1
475,3,7,91.7143,0,1
476,10,2,82.5,0,1
477,13,4,44.25,0,1
478,15,2,44.5,0,1
479,1,4,35,1,0
480,7,6,95.1667,0,1
481,16,2,107,0,1
482,13,1,50,0,1
483,19,1,91,0,1
484,16,1,77,0,1
485,15,2,40,0,1
486,13,2,27.5,0,1
488,11,1,32,0,1
489,17,2,59,0,1
490,8,7,69.8571,0,1
491,12,1,47,0,1
492,7,1,108,0,1
493,16,1,28,0,1
494,11,1,42,0,1
495,15,2,54.5,0,1
496,14,2,50,0,1
497,6,4,79.25,0,1
498,5,3,66.6667,0,1
499,6,5,62.2,0,1
500,17,1,79,0,1
501,6,4,28.25,0,1
502,15,1,41,0,1
503,11,2,34.5,0,1
504,16,1,94,0,1
505,11,6,112.3333,0,1
506,17,1,136,0,1
507,17,1,42,0,1
508,7,2,107.5,0,1
509,13,1,19,0,1
510,6,1,47,0,1
511,8,4,64.75,0,1
512,15,1,28,0,1
513,18,1,68,0,1
514,14,3,50.3333,0,1
515,19,1,62,0,1
516,16,1,153,0,1
517,19,1,58,0,1
518,5,1,64,0,1
519,17,1,70,0,1
520,8,2,41,0,1
522,16,2,36,0,1
523,16,2,104.5,0,1
524,15,2,34.5,0,1
525,14,2,39,0,1
526,19,1,47,0,1
527,17,1,59,0,1
528,11,1,53,0,1
529,17,1,62,0,1
530,7,1,31,0,1
531,8,1,208,0,1
532,15,1,15,0,1
533,3,5,45,0,1
534,18,1,33,0,1
535,16,1,95,0,1
536,18,1,49,0,1
537,9,1,36,0,1
538,18,1,66,0,1
539,4,5,234.8,0,1
540,19,1,120,0,1
541,17,2,44.5,0,1
542,14,1,50,0,1
543,3,1,20,0,1
544,13,1,50,0,1
545,18,1,31,0,1
546,2,1,18,0,1
547,15,1,54,0,1
548,10,1,39,0,1
549,8,1,52,0,1
550,17,1,64,0,1
551,2,4,149.5,1,0
552,14,1,54,0,1
553,6,1,51,1,0
554,17,1,56,0,1
555,13,1,51,0,1
556,11,1,82,0,1
557,10,2,145.5,0,1
558,14,2,65.5,0,1
559,16,1,49,0,1
560,8,1,61,0,1
561,4,5,44,0,1
562,1,1,84,0,1
563,6,3,45,0,1
564,15,1,50,0,1
565,16,1,79,0,1
566,14,1,141,0,1
567,8,1,82,0,1
568,12,2,53.5,0,1
569,12,2,49,0,1
570,11,1,48,0,1
571,17,1,85,0,1
572,13,4,57.75,0,1
573,17,1,49,0,1
574,5,5,72.6,0,1
575,4,6,73,0,1
576,19,1,84,0,1
577,12,1,65,0,1
578,18,1,26,0,1
579,16,2,93.5,0,1
580,18,1,132,0,1
581,5,5,63.8,0,1
582,18,1,72,0,1
583,14,2,81.5,0,1
584,11,1,100,0,1
585,4,2,85,1,0
586,2,7,78.8571,0,1
587,10,1,88,0,1
588,7,1,42,0,1
590,6,1,33,0,1
591,12,3,60.6667,0,1
592,13,1,59,0,1
593,9,2,52,0,1
594,10,1,41,0,1
595,2,4,19.75,0,1
596,13,1,63,0,1
597,13,4,27.25,0,1
598,11,3,44,0,1
599,4,3,74.3333,0,1
600,7,1,60,0,1
601,4,1,40,0,1
602,18,1,21,0,1
603,14,1,30,0,1
604,19,1,58,0,1
605,10,1,33,0,1
606,8,2,116.5,0,1
607,19,1,72,0,1
608,2,3,66.6667,0,1
609,14,2,77.5,0,1
610,18,2,20,0,1
611,16,1,30,0,1
612,19,1,45,0,1
613,7,4,62.5,0,1
614,9,1,32,0,1
615,16,1,62,0,1
616,19,1,116,0,1
617,11,2,95.5,0,1
618,2,1,53,0,1
619,19,1,83,0,1
620,19,1,53,0,1
621,18,1,57,0,1
622,7,2,98,0,1
623,14,1,153,0,1
624,16,1,50,0,1
625,11,2,47,0,1
626,15,2,79.5,0,1
627,4,2,85.5,1,0
628,9,4,39.5,0,1
629,9,6,32.3333,0,1
630,11,6,59.5,0,1
631,16,2,78.5,0,1
632,1,7,65.8571,1,0
633,12,2,34.5,0,1
634,14,1,53,0,1
635,15,1,61,0,1
636,5,6,84.5,0,1
637,14,2,84.5,0,1
638,10,2,38,0,1
639,11,1,18,0,1
640,5,4,51.5,0,1
641,13,1,50,0,1
642,16,2,34.5,0,1
643,9,1,30,0,1
644,6,7,45.5714,0,1
645,8,4,63.75,0,1
646,15,1,39,0,1
647,3,5,56.6,0,1
648,9,2,45.5,0,1
649,16,2,48.5,0,1
650,11,5,83.4,0,1
651,5,1,29,0,1
652,13,3,37,0,1
653,9,1,91,0,1
654,11,1,46,0,1
655,10,1,35,0,1
656,14,1,42,0,1
657,10,1,43,0,1
658,11,1,105,0,1
659,1,1,33,0,1
660,4,1,27,0,1
661,6,6,53.1667,0,1
662,3,4,37.75,0,1
663,11,1,111,0,1
664,14,3,44.3333,0,1
665,18,1,37,0,1
666,14,1,57,0,1
667,6,1,95,0,1
668,12,1,58,0,1
669,16,1,35,0,1
670,5,4,54.25,0,1
671,5,2,60.5,0,1
672,15,2,44,0,1
673,19,1,28,0,1
674,12,1,88,0,1
675,16,1,72,0,1
676,6,1,70,0,1
677,19,1,47,0,1
678,9,3,98.3333,0,1
679,6,3,27.3333,0,1
680,16,1,52,0,1
681,16,1,17,0,1
682,11,2,123.5,0,1
683,19,1,35,0,1
684,18,1,30,0,1
685,13,2,37.5,0,1
686,2,4,56.5,0,1
687,19,1,21,0,1
688,10,2,81,0,1
689,19,1,56,0,1
690,19,1,119,0,1
691,18,1,62,0,1
692,17,2,38,0,1
693,17,1,87,0,1
694,1,1,30,0,1
695,1,1,61,0,1
696,12,1,166,0,1
697,11,1,58,0,1
698,18,1,136,0,1
699,9,2,28,0,1
700,17,1,51,0,1
701,9,1,136,0,1
702,11,1,64,0,1
703,10,4,68.75,0,1
704,19,1,116,0,1
705,8,1,33,0,1
706,15,2,56.5,0,1
707,12,1,45,0,1
708,1,7,36.2857,0,1
709,14,2,38,0,1
710,18,2,85,0,1
711,14,3,53.6667,0,1
712,5,2,59.5,0,1
713,13,2,20.5,0,1
714,19,1,54,0,1
715,10,1,73,0,1
716,17,1,110,0,1
717,7,6,25.5,0,1
718,19,1,54,0,1
719,13,1,79,0,1
720,5,4,64,0,1
721,14,4,36,0,1
722,15,1,47,0,1
723,3,3,36,1,0
724,16,2,23,0,1
725,18,2,104,0,1
726,19,1,25,0,1
727,18,1,34,0,1
728,1,6,42.6667,0,1
729,3,1,19,0,1
730,14,1,45,0,1
731,4,1,119,0,1
732,15,1,24,0,1
733,1,5,60.4,0,1
734,18,1,53,0,1
735,2,3,38.6667,1,0
736,11,2,89.5,0,1
737,13,2,163,0,1
738,19,1,99,0,1
739,14,2,67.5,0,1
740,7,7,49.1429,0,1
741,17,2,88.5,0,1
742,19,1,79,0,1
743,10,2,24.5,0,1
744,11,1,34,0,1
745,1,1,94,0,1
746,11,1,90,0,1
747,2,7,41.4286,0,1
748,3,2,36.5,0,1
749,18,1,68,0,1
750,1,4,74,0,1
751,18,1,52,0,1
752,13,2,130,0,1
753,17,2,51.5,0,1
754,15,1,97,0,1
755,4,4,24.75,0,1
756,19,1,27,0,1
757,2,5,63.4,1,0
758,17,1,60,0,1
759,3,2,62.5,1,0
760,6,1,68,0,1
761,14,1,57,0,1
762,18,1,53,0,1
763,17,1,38,0,1
764,18,1,53,0,1
765,5,1,42,0,1
766,15,1,228,1,0
767,12,1,30,0,1
768,18,1,73,0,1
769,18,2,40,0,1
770,19,1,54,0,1
771,16,1,24,0,1
772,1,1,15,0,1
773,19,1,84,0,1
774,13,1,55,0,1
775,15,1,44,0,1
776,17,3,60.6667,0,1
777,2,1,85,0,1
778,19,1,65,0,1
779,13,2,85,0,1
780,6,2,38.5,0,1
781,3,3,21,0,1
782,14,1,35,0,1
783,12,1,106,0,1
785,12,5,96.2,0,1
786,17,1,80,0,1
787,11,4,94.5,0,1
788,13,3,50.6667,0,1
789,12,2,64.5,0,1
790,18,2,160,0,1
791,7,1,50,0,1
792,15,1,68,0,1
793,12,1,91,0,1
794,14,2,114.5,0,1
795,13,2,93.5,0,1
796,5,2,89.5,0,1
797,7,3,12.6667,0,1
798,7,4,102.25,0,1
799,16,1,69,0,1
800,13,1,47,0,1
801,7,1,91,0,1
802,3,2,74,0,1
803,19,1,52,0,1
804,18,1,63,0,1
805,17,1,58,0,1
806,7,1,79,0,1
807,14,3,63,0,1
809,6,1,81,0,1
810,2,9,74.1111,0,1
811,7,3,41.3333,0,1
812,17,2,74,0,1
813,9,1,80,0,1
814,2,2,53,0,1
815,5,3,72,0,1
816,14,1,79,0,1
817,1,4,25.25,0,1
818,12,1,73,0,1
819,7,5,55.4,0,1
820,19,1,67,0,1
821,18,1,22,0,1
822,17,1,37,0,1
823,11,2,41,0,1
824,13,1,100,0,1
825,16,1,85,0,1
826,3,4,93.75,0,1
827,16,1,101,0,1
828,18,1,85,0,1
829,7,1,121,0,1
830,5,1,40,1,0
831,1,1,25,0,1
832,9,1,42,0,1
833,18,1,77,0,1
834,6,3,139,0,1
835,13,1,51,0,1
836,13,3,68,0,1
837,12,4,100.25,0,1
838,19,1,18,0,1
839,5,3,62.6667,0,1
840,11,2,31.5,0,1
841,11,2,48,0,1
842,14,2,22,0,1
843,2,3,43,0,1
844,18,1,58,0,1
845,19,1,77,0,1
846,14,3,25,0,1
847,8,7,31.1429,0,1
848,5,7,88.4286,0,1
849,1,5,68.2,0,1
850,19,1,77,0,1
851,3,4,88.75,1,0
852,18,1,25,0,1
853,6,3,89.3333,0,1
854,11,1,29,0,1
855,18,1,35,0,1
856,1,1,60,0,1
857,15,1,37,0,1
858,16,1,73,0,1
859,18,1,114,0,1
860,13,2,42,0,1
861,11,4,42.75,0,1
862,12,1,34,0,1
863,1,3,159.3333,0,1
864,18,1,52,0,1
865,15,2,55.5,0,1
866,4,1,105,0,1
867,11,1,49,0,1
868,1,2,87.5,0,1
869,1,2,58.5,0,1
870,6,2,23.5,0,1
871,3,4,26.5,0,1
873,13,1,15,0,1
874,17,2,51.5,0,1
875,19,1,91,0,1
876,14,2,35,0,1
877,9,1,33,0,1
878,3,1,122,0,1
879,3,2,85,0,1
880,6,5,56.4,0,1
881,6,1,45,0,1
882,18,1,105,0,1
883,16,4,23.25,0,1
884,3,3,75,0,1
885,10,2,75,0,1
886,11,1,56,0,1
887,4,4,123,0,1
888,17,2,79.5,0,1
889,9,3,97,0,1
890,18,1,48,0,1
891,3,2,46,0,1
892,3,1,71,0,1
893,8,1,74,0,1
894,6,1,46,0,1
895,16,2,42.5,0,1
896,12,3,43.3333,0,1
897,19,1,83,0,1
898,11,5,30.6,0,1
900,1,6,14.1667,0,1
901,19,1,63,0,1
902,15,1,25,0,1
903,8,2,26.5,0,1
904,13,1,78,0,1
905,1,1,33,0,1
906,11,3,24.3333,0,1
907,17,1,49,0,1
908,17,2,35,0,1
909,6,8,130.5,0,1
910,2,1,41,0,1
911,18,2,45,0,1
912,8,1,76,0,1
913,14,1,74,0,1
914,2,4,91.75,0,1
915,13,2,54.5,0,1
916,5,2,63,0,1
917,11,1,23,0,1
918,17,2,48,0,1
919,8,1,72,0,1
920,19,1,42,0,1
921,4,4,63.75,0,1
922,15,1,90,0,1
923,17,1,111,0,1
924,19,1,48,0,1
925,6,1,75,0,1
926,10,3,46.6667,0,1
927,19,1,80,0,1
928,14,1,64,0,1
929,10,4,31.25,0,1
930,9,4,63.25,0,1
931,13,1,18,0,1
932,5,4,94.25,0,1
933,12,2,79.5,0,1
934,9,2,31.5,0,1
935,14,2,54.5,0,1
936,9,9,80.2222,1,0
937,12,1,46,0,1
938,10,1,84,0,1
939,7,1,209,0,1
940,15,2,51.5,0,1
941,17,1,143,0,1
942,12,4,58.75,0,1
943,11,6,75.6667,0,1
944,4,3,26.3333,0,1
945,17,1,46,0,1
946,14,1,44,0,1
947,11,1,92,0,1
948,18,1,30,0,1
949,2,2,50,0,1
950,14,2,62.5,0,1
951,9,3,14.3333,0,1
952,17,1,56,0,1
953,6,1,38,0,1
954,19,1,109,0,1
955,14,1,40,0,1
956,18,1,33,0,1
957,13,1,45,0,1
958,10,1,74,0,1
959,7,3,60.6667,0,1
960,4,4,127,1,0
961,11,2,112.5,0,1
962,6,1,35,0,1
963,13,1,133,0,1
964,3,3,15,1,0
965,13,5,31,0,1
966,12,5,73,0,1
967,6,1,57,0,1
968,19,1,74,0,1
969,9,2,60.5,0,1
970,16,2,79,0,1
971,3,1,48,0,1
972,4,1,15,0,1
973,7,1,57,0,1
974,15,1,25,0,1
975,7,5,106.8,0,1
976,16,3,61,0,1
977,11,3,84.3333,0,1
978,7,1,57,0,1
979,17,2,42,0,1
980,3,3,29,0,1
981,19,1,23,0,1
982,1,2,103.5,0,1
983,9,1,77,0,1
984,8,2,40.5,0,1
985,2,8,165,0,1
986,17,1,29,0,1
987,15,1,36,0,1
988,12,1,124,0,1
989,4,1,70,0,1
990,2,4,109.5,0,1
991,11,5,53,0,1
992,19,1,68,0,1
993,19,1,103,0,1
994,9,1,82,0,1
995,7,1,58,0,1
996,14,2,64,0,1
997,11,2,77.5,0,1
998,19,1,85,0,1
999,19,1,60,0,1
1000,5,1,42,0,1
1001,4,9,59.7778,0,1
1002,10,1,80,0,1
1003,13,2,64.5,0,1
1004,13,2,23,0,1
1005,12,2,36.5,0,1
1006,10,1,83,0,1
1007,3,1,30,0,1
1008,1,7,71.7143,0,1
1009,15,3,52.6667,0,1
1010,6,4,104,0,1
1011,9,5,228.2,1,0
1012,17,1,69,0,1
1013,1,1,56,0,1
1014,16,1,75,0,1
1015,7,4,35,0,1
1016,10,2,59,0,1
1017,17,1,47,0,1
1018,1,2,107,1,0
1019,18,1,32,0,1
1020,17,1,125,0,1
1021,7,1,43,0,1
1022,16,2,58,0,1
1023,13,1,33,0,1
1024,4,4,34.75,0,1
1025,11,2,98.5,0,1
1026,4,1,21,0,1
1027,4,4,86.5,0,1
1028,12,1,86,0,1
1029,19,1,76,0,1
1030,18,1,163,0,1
1031,16,1,89,0,1
1032,19,1,64,0,1
1033,17,1,38,0,1
1034,18,1,41,0,1
1035,4,8,43.875,0,1
1036,12,5,57.2,0,1
1037,18,2,72.5,0,1
1038,18,1,20,0,1
1039,15,1,58,0,1
1040,3,1,30,0,1
1041,14,3,75.3333,0,1
1042,6,6,83.3333,0,1
1043,13,1,56,0,1
1044,5,5,127.8,0,1
1045,11,4,56.25,0,1
1046,8,1,91,0,1
1047,16,1,92,0,1
1048,17,1,30,0,1
1049,13,1,21,0,1
1050,5,2,176.5,0,1
1051,8,5,120,0,1
1052,14,2,91,0,1
1053,2,3,40.3333,0,1
1054,19,1,59,0,1
1055,17,2,54.5,0,1
1056,17,1,54,0,1
1057,17,1,107,0,1
1058,11,3,43.3333,0,1
1059,19,1,25,0,1
1060,10,1,56,0,1
1061,4,1,177,0,1
1062,9,2,151.5,0,1
1063,15,1,17,0,1
1064,14,2,133,0,1
1065,16,1,46,0,1
1066,4,2,30,0,1
1067,19,1,36,0,1
1068,7,1,19,0,1
1069,12,1,23,0,1
1070,9,5,98.8,0,1
1071,12,2,63,0,1
1072,4,2,82,0,1
1073,15,3,60.6667,0,1
1074,14,1,49,0,1
1075,8,1,84,0,1
1076,1,7,44.8571,0,1
1077,5,1,71,0,1
1078,19,1,51,0,1
1079,9,5,47.4,0,1
1080,10,3,30.6667,0,1
1081,8,2,128.5,0,1
1082,3,2,39.5,0,1
1083,10,4,107,0,1
1084,11,4,97.75,0,1
1085,13,1,42,0,1
1086,3,1,47,0,1
1087,19,1,94,0,1
1088,16,1,47,0,1
1089,4,3,135,0,1
1090,17,1,53,0,1
1091,13,1,115,0,1
1092,16,1,89,0,1
1093,2,3,34.3333,0,1
1094,12,2,48,0,1
1095,10,2,80.5,0,1
1096,16,1,32,0,1
1097,15,1,106,0,1
1098,13,4,31.25,0,1
1099,4,1,68,0,1
1100,11,1,28,1,0
1101,16,1,30,0,1
1102,11,1,74,0,1
1103,10,2,67,0,1
1104,1,1,48,0,1
1105,15,2,67.5,0,1
1106,13,1,30,0,1
1107,18,1,80,0,1
1108,15,1,23,0,1
1110,15,3,41,0,1
1112,6,1,37,0,1
1113,16,1,48,0,1
1114,16,1,67,0,1
1115,13,1,33,0,1
1116,17,1,147,0,1
1117,18,2,46,0,1
1118,15,2,55,0,1
1119,19,1,55,0,1
1120,3,3,94.6667,0,1
1121,10,2,60.5,0,1
1122,15,2,30.5,0,1
1123,16,1,45,0,1
1124,18,1,34,0,1
1125,1,3,158,1,0
1126,16,2,29,0,1
1127,16,1,31,0,1
1128,15,1,58,0,1
1129,1,8,86.75,0,1
1130,8,3,54.3333,0,1
1131,2,3,109,0,1
1132,15,2,65,0,1
1133,11,2,34,0,1
1134,4,4,79,0,1
1135,16,1,44,0,1
1136,3,9,81.7778,1,0
1137,17,1,66,0,1
1138,6,4,18.5,0,1
1139,7,4,84.75,0,1
1140,11,3,100.6667,0,1
1141,7,4,114,1,0
1142,18,1,108,0,1
1143,2,1,44,0,1
1144,15,2,123.5,0,1
1145,9,1,28,0,1
1146,4,7,30.4286,0,1
1147,12,2,31,0,1
1148,19,1,77,0,1
1149,19,1,60,0,1
1150,18,1,71,0,1
1151,8,2,30,0,1
1152,12,1,32,0,1
1153,14,2,33,0,1
1154,19,1,46,0,1
1155,18,2,41.5,0,1
1156,4,1,29,0,1
1157,1,10,120.4,1,0
1158,9,3,46,0,1
1159,17,2,147,0,1
1160,18,1,91,0,1
1161,12,1,29,0,1
1162,5,5,59.8,0,1
1163,12,3,37.6667,0,1
1164,17,1,35,0,1
1165,13,2,77,0,1
1166,19,1,103,0,1
1167,18,2,47,0,1
1168,14,1,10,0,1
1169,11,1,40,0,1
1170,8,1,46,0,1
1171,17,1,91,0,1
1172,2,6,41.8333,1,0
1173,4,2,70.5,0,1
1174,15,1,74,0,1
1175,13,1,75,0,1
1176,19,1,21,0,1
1177,2,4,36.25,0,1
1178,14,3,32.6667,0,1
1179,16,2,55.5,0,1
1180,7,2,25.5,0,1
1181,10,1,59,0,1
1182,18,1,69,0,1
1183,5,3,35,0,1
1184,18,1,37,0,1
1185,3,2,98,0,1
1186,14,1,32,0,1
1187,14,3,101,0,1
1188,15,2,57.5,0,1
1189,11,1,27,0,1
1190,17,1,68,0,1
1191,1,2,33,0,1
1192,18,1,72,0,1
1193,15,2,36,0,1
1194,18,1,39,0,1
1195,1,3,83.3333,1,0
1196,9,5,31.4,0,1
1197,11,1,52,0,1
1198,12,2,120,0,1
1199,19,1,16,0,1
1200,16,1,58,0,1
1201,8,3,89.3333,0,1
1202,18,1,128,0,1
1203,19,1,22,0,1
1204,8,1,51,0,1
1205,8,3,39,0,1
1206,15,4,75.5,0,1
1207,1,1,59,0,1
1208,5,2,66.5,0,1
1209,2,2,32.5,0,1
1210,13,1,43,0,1
1211,16,3,16,0,1
1212,1,2,51,0,1
1213,18,1,195,0,1
1214,19,1,26,0,1
1215,15,2,140.5,0,1
1216,12,1,35,0,1
1217,19,1,66,0,1
1218,14,4,37.25,0,1
1219,16,1,77,0,1
1220,2,3,38.3333,0,1
1221,17,2,63,0,1
1222,18,1,57,0,1
1223,10,2,75.5,0,1
1224,1,7,61.7143,0,1
1225,1,1,94,0,1
1226,15,1,97,0,1
1227,16,2,137.5,0,1
1228,14,2,32.5,0,1
1229,15,1,58,0,1
1230,5,1,34,1,0
1231,19,1,23,0,1
1232,11,1,74,0,1
1233,12,1,27,0,1
1234,17,1,35,0,1
1235,14,1,47,0,1
1236,19,1,35,0,1
1237,15,3,61.3333,0,1
1238,11,1,41,0,1
1239,17,1,69,0,1
1240,10,3,37,0,1
1241,8,4,78,0,1
1242,14,3,58.6667,0,1
1243,17,1,89,0,1
1244,9,2,86,0,1
1245,17,1,74,0,1
1246,16,3,27,0,1
1247,19,1,44,0,1
1248,12,1,45,0,1
1249,17,1,157,0,1
1251,12,2,52.5,0,1
1252,5,4,67.75,0,1
1253,5,6,45.5,0,1
1254,18,1,45,0,1
1255,3,1,212,0,1
1256,19,1,75,0,1
1257,5,6,68.8333,0,1
1258,19,1,36,0,1
1259,10,2,37,0,1
1260,7,5,32.8,0,1
1261,16,1,91,0,1
1262,7,3,25.6667,0,1
1263,9,2,34.5,0,1
1264,5,1,91,0,1
1265,17,1,60,0,1
1266,8,3,85,0,1
1267,10,2,33.5,0,1
1268,5,3,27.6667,0,1
1269,10,1,137,0,1
1270,18,1,78,0,1
1271,14,3,26.3333,0,1
1272,10,2,48.5,0,1
1273,1,1,93,0,1
1274,13,1,27,0,1
1275,8,1,69,0,1
1276,4,1,46,0,1
1277,1,5,102.8,0,1
1278,12,1,55,0,1
1279,9,4,103.5,0,1
1280,7,1,21,0,1
1281,18,1,56,0,1
1282,14,2,79,0,1
1283,14,1,112,0,1
1284,3,1,71,0,1
1286,18,1,140,0,1
1287,19,1,47,0,1
1288,17,1,40,0,1
1289,18,1,101,0,1
1290,15,2,61.5,0,1
1291,15,2,52,0,1
1292,4,6,80.8333,0,1
1293,18,2,68.5,0,1
1294,9,1,89,0,1
1295,2,6,54.3333,0,1
1296,2,11,48.0909,0,1
1297,5,1,89,0,1
1298,14,1,73,0,1
1299,16,1,82,0,1
1300,13,1,146,0,1
1301,17,1,18,0,1
1302,15,1,75,0,1
1303,4,1,93,1,0
1304,19,1,33,0,1
1305,10,1,86,0,1
1306,14,2,96.5,0,1
1307,17,1,64,0,1
1308,16,3,30.6667,0,1
1309,17,1,31,0,1
1310,13,1,36,0,1
1311,15,1,29,0,1
1312,9,4,42,0,1
1313,17,1,116,0,1
1314,15,1,46,0,1
1315,10,2,67.5,0,1
1316,16,2,79,0,1
1317,17,1,32,0,1
1318,10,2,275.5,1,0
1319,4,1,72,1,0
1320,19,1,83,0,1
1321,11,1,19,0,1
1322,13,5,26,0,1
1323,12,2,67,0,1
1324,17,1,30,0,1
1325,9,2,104.5,0,1
1326,18,1,95,0,1
1327,10,1,77,0,1
1328,13,2,103.5,0,1
1329,12,1,26,0,1
1330,6,1,29,0,1
1331,4,4,38.25,1,0
1332,11,1,81,0,1
1333,16,1,38,0,1
1334,6,2,71,0,1
1335,5,2,16,0,1
1336,15,1,33,0,1
1337,2,4,39.25,0,1
1338,19,1,32,0,1
1339,9,5,42,0,1
1340,10,1,105,0,1
1341,6,2,57,0,1
1342,5,4,44.25,0,1
