"StudentID","Age","Income","Male","Choice_Walk","Choice_Bike","Choice_Bus","Choice_Car"
1,21,1200,0,0,1,0,0
2,22,3468,1,0,0,0,1
3,19,1386,0,0,1,0,0
4,22,1977,1,0,0,0,1
5,24,1692,0,0,0,0,1
6,20,1254,1,0,0,0,1
7,22,3201,1,0,0,0,1
8,22,1872,1,0,0,0,1
9,18,1218,1,0,0,1,0
10,20,2223,1,0,0,0,1
11,21,2139,0,1,0,0,0
12,18,2016,0,0,0,0,1
13,19,1875,1,0,0,0,1
14,20,1413,1,1,0,0,0
15,22,1443,1,0,1,0,0
16,21,1944,1,0,0,0,1
17,19,2175,0,0,0,1,0
18,19,2778,1,0,0,0,1
19,18,2412,0,1,0,0,0
20,22,1617,1,0,1,0,0
21,21,1215,1,1,0,0,0
22,22,2571,1,0,0,0,1
23,19,1218,0,0,0,0,1
24,21,1560,0,1,0,0,0
25,20,2490,0,0,0,1,0
26,20,1278,1,0,0,0,1
27,21,2676,1,0,0,0,1
28,21,1209,1,1,0,0,0
29,19,1773,1,0,0,0,1
30,22,1425,0,1,0,0,0
31,21,1236,0,1,0,0,0
32,23,1293,0,0,1,0,0
33,22,2340,1,0,0,0,1
34,21,1311,0,1,0,0,0
35,20,1338,1,0,1,0,0
36,20,1452,1,1,0,0,0
37,20,1980,1,0,0,0,1
38,21,1356,1,0,0,1,0
39,22,1401,1,0,0,0,1
40,23,2493,1,0,0,0,1
41,19,2136,0,0,1,0,0
42,23,1275,0,0,0,0,1
43,22,2013,1,0,0,0,1
44,18,1245,0,1,0,0,0
45,21,1833,0,0,0,0,1
46,20,1737,1,0,0,0,1
47,21,1866,1,0,0,0,1
48,20,2472,1,1,0,0,0
49,20,1584,0,0,0,0,1
50,20,1200,1,1,0,0,0
51,21,1506,1,0,0,0,1
52,19,1602,1,1,0,0,0
53,21,1374,1,0,0,0,1
54,20,1224,1,0,0,0,1
55,22,2760,0,0,0,0,1
56,22,1500,1,1,0,0,0
57,21,1362,1,0,0,0,1
58,20,3003,0,0,0,1,0
59,19,1455,0,0,0,0,1
60,19,1467,1,0,0,0,1
61,21,1443,1,1,0,0,0
62,18,1248,1,0,0,0,1
63,21,1992,1,0,0,0,1
64,22,1236,1,0,0,0,1
65,20,1569,1,0,0,0,1
66,19,2460,1,0,0,0,1
67,19,1200,1,0,1,0,0
68,18,1479,1,1,0,0,0
69,19,3120,1,1,0,0,0
70,20,1212,0,0,0,0,1
71,20,1224,0,0,0,0,1
72,22,1206,1,0,0,0,1
73,20,2646,0,0,0,0,1
74,19,1773,0,1,0,0,0
75,19,2679,0,1,0,0,0
76,20,2022,1,0,0,0,1
77,21,1611,1,0,0,0,1
78,20,1200,1,0,0,0,1
79,23,1539,0,0,0,1,0
80,20,2019,1,0,0,0,1
81,22,2106,1,0,0,0,1
82,22,1638,0,0,0,0,1
83,20,2670,0,0,0,1,0
84,20,2556,1,0,0,0,1
85,19,1866,1,0,0,0,1
86,20,2013,0,0,0,0,1
87,21,1362,1,0,0,0,1
88,20,2043,0,1,0,0,0
89,22,1317,1,0,0,0,1
90,19,1293,0,1,0,0,0
91,19,1863,1,0,0,0,1
92,19,1677,1,1,0,0,0
93,21,2757,1,0,0,0,1
94,22,2199,0,0,0,0,1
95,19,2346,0,0,0,0,1
96,20,1686,0,0,0,0,1
97,22,1314,1,0,1,0,0
98,22,1527,1,0,0,0,1
99,18,1902,0,1,0,0,0
100,20,1350,1,0,0,0,1
101,22,2340,1,0,0,0,1
102,21,2445,1,0,0,1,0
103,19,2112,0,0,0,0,1
104,23,1716,1,0,0,0,1
105,20,1281,0,0,0,0,1
106,21,1656,0,0,1,0,0
107,19,3321,1,0,1,0,0
108,21,2313,0,0,0,0,1
109,19,2493,1,0,0,0,1
110,21,1284,0,0,0,0,1
111,21,1545,1,0,0,0,1
112,23,1362,1,0,0,0,1
113,21,2799,1,0,0,0,1
114,20,2238,0,1,0,0,0
115,25,2403,0,0,0,0,1
116,22,1578,1,0,0,0,1
117,21,1296,0,1,0,0,0
118,20,2586,1,0,0,0,1
119,19,1365,0,1,0,0,0
120,20,1938,1,0,0,0,1
121,22,1365,1,0,0,0,1
122,19,2049,0,0,0,0,1
123,22,1743,1,0,0,0,1
124,19,2694,0,0,0,0,1
125,22,2568,0,0,1,0,0
126,21,1587,0,0,0,0,1
127,22,1974,1,0,0,1,0
128,21,2253,1,0,0,0,1
129,23,3681,1,0,0,0,1
130,19,1362,0,0,0,0,1
131,20,1215,0,0,0,0,1
132,20,1200,1,1,0,0,0
133,19,2766,1,0,0,0,1
134,21,1200,1,1,0,0,0
135,21,1551,0,0,0,0,1
136,21,1716,0,1,0,0,0
137,18,2160,0,0,0,0,1
138,23,1848,1,0,0,0,1
139,20,1407,0,0,0,0,1
140,20,2538,1,0,0,0,1
141,20,1398,1,1,0,0,0
142,21,1935,1,0,0,1,0
143,21,1611,1,0,0,0,1
144,22,2112,1,0,0,0,1
145,23,1317,0,0,0,0,1
146,20,1536,0,0,0,0,1
147,22,2064,0,0,0,0,1
148,23,2007,1,0,0,0,1
149,21,3162,0,0,0,0,1
150,27,1269,1,0,0,0,1
151,23,2121,0,0,1,0,0
152,20,2115,1,0,0,0,1
153,19,1899,0,1,0,0,0
154,18,1230,1,1,0,0,0
155,21,1821,1,0,0,0,1
156,22,2232,1,0,0,0,1
157,21,1308,1,1,0,0,0
158,20,2913,1,0,0,0,1
159,22,1554,1,0,0,0,1
160,23,1206,1,0,0,0,1
161,21,1545,1,1,0,0,0
162,23,1209,1,0,0,0,1
163,20,2418,1,0,0,0,1
164,20,2133,0,0,1,0,0
165,22,2622,1,0,0,0,1
166,18,2532,1,0,0,1,0
167,22,2316,0,0,0,0,1
168,21,1863,0,0,0,0,1
169,21,2703,0,0,1,0,0
170,20,1710,0,0,0,0,1
171,20,1260,1,1,0,0,0
172,19,2130,1,0,0,1,0
173,25,2871,0,0,0,1,0
174,23,2736,1,0,0,0,1
175,20,3174,0,0,0,1,0
176,25,1896,1,0,0,0,1
177,21,2535,1,0,0,1,0
178,18,2403,1,0,1,0,0
179,21,1203,1,1,0,0,0
180,20,2052,0,0,1,0,0
181,22,1674,0,0,0,0,1
182,19,1998,0,0,0,0,1
183,23,1281,1,0,0,0,1
184,22,1746,1,0,0,0,1
185,19,1239,1,1,0,0,0
186,23,1305,1,0,0,0,1
187,22,1278,0,0,0,0,1
188,21,1215,0,0,0,0,1
189,24,1632,1,0,0,0,1
190,20,1926,1,0,0,1,0
191,21,1509,1,0,0,0,1
192,23,1938,0,0,0,0,1
193,21,1299,0,0,0,0,1
194,21,2595,1,0,0,1,0
195,21,2115,0,0,0,0,1
196,21,1440,1,0,0,0,1
197,21,2457,1,0,0,0,1
198,20,1431,1,1,0,0,0
199,21,1500,1,0,0,0,1
200,19,1464,1,0,1,0,0
201,22,1200,0,1,0,0,0
202,20,1350,1,0,0,0,1
203,21,2403,1,0,0,0,1
204,22,1632,1,0,0,0,1
205,19,1404,0,0,0,0,1
206,20,1392,1,0,1,0,0
207,22,1866,0,0,0,0,1
208,21,1860,0,0,0,0,1
209,22,2025,1,0,0,0,1
210,22,1278,1,1,0,0,0
211,20,2250,0,0,0,0,1
212,18,2361,1,0,0,0,1
213,20,2619,1,0,0,1,0
214,18,2010,0,0,0,0,1
215,19,2931,0,0,0,1,0
216,20,1548,0,0,0,0,1
217,19,1476,1,0,0,0,1
218,21,1980,1,0,0,1,0
219,19,2745,1,0,0,1,0
220,20,1206,0,1,0,0,0
221,20,1962,0,0,0,0,1
222,21,1329,1,0,1,0,0
223,22,2634,0,0,0,0,1
224,22,1956,0,0,0,0,1
225,20,1425,1,0,0,0,1
226,20,1764,1,0,0,0,1
227,20,1614,0,0,0,0,1
228,21,1560,0,0,0,0,1
229,25,1392,1,0,0,0,1
230,20,1566,1,1,0,0,0
231,24,1344,1,0,0,0,1
232,18,1596,1,0,1,0,0
233,19,1857,0,0,0,0,1
234,21,1332,1,0,0,0,1
235,19,2718,1,0,0,0,1
236,20,2667,0,0,0,0,1
237,19,2106,1,0,1,0,0
238,21,1200,0,0,0,0,1
239,22,1827,0,0,0,0,1
240,19,1215,1,0,0,0,1
241,19,1200,0,0,0,0,1
242,19,1386,0,0,0,0,1
243,21,1215,1,0,0,0,1
244,20,2469,1,0,0,0,1
245,23,1263,0,0,0,0,1
246,22,1254,0,0,0,0,1
247,21,2418,1,1,0,0,0
248,21,2271,1,0,0,0,1
249,21,1284,1,0,0,0,1
250,21,1584,1,1,0,0,0
251,22,1416,1,0,0,0,1
252,18,2577,1,0,0,1,0
253,26,1524,0,0,0,1,0
254,20,1530,0,1,0,0,0
255,21,1629,0,1,0,0,0
256,19,2172,1,0,0,1,0
257,20,2385,1,0,0,0,1
258,19,1461,1,1,0,0,0
259,22,2151,0,0,0,0,1
260,20,2772,0,0,0,0,1
261,19,1761,1,0,0,0,1
262,21,1590,0,0,0,0,1
263,26,2082,1,0,0,0,1
264,21,1200,1,0,0,0,1
265,20,2118,1,0,0,1,0
266,19,1494,1,0,0,0,1
267,21,1917,1,0,0,0,1
268,19,2598,0,0,0,0,1
269,22,2025,1,0,0,0,1
270,20,2103,0,0,0,1,0
271,21,2118,1,1,0,0,0
272,24,2532,1,0,0,0,1
273,20,1893,0,0,1,0,0
274,19,1533,1,0,0,0,1
275,23,1740,0,0,0,0,1
276,18,1827,0,0,0,0,1
277,22,1404,0,1,0,0,0
278,23,2688,0,0,0,0,1
279,20,1203,0,1,0,0,0
280,26,2322,1,0,1,0,0
281,20,1200,0,1,0,0,0
282,19,1263,1,0,0,0,1
283,20,2454,0,0,0,1,0
284,20,2646,0,0,0,0,1
285,21,2448,0,0,0,1,0
286,19,1989,1,0,0,0,1
287,19,1266,1,0,0,0,1
288,20,1200,0,0,0,0,1
289,20,2013,0,1,0,0,0
290,19,1518,0,0,0,0,1
291,19,1812,0,0,0,1,0
292,23,2703,1,0,0,0,1
293,20,1719,0,0,0,1,0
294,21,2679,1,0,0,1,0
295,22,1203,1,0,0,0,1
296,19,1245,0,1,0,0,0
297,22,1758,1,0,0,0,1
298,20,1470,1,1,0,0,0
299,21,1281,1,1,0,0,0
300,22,1227,0,0,0,0,1
301,29,1383,0,0,0,0,1
302,19,2646,1,0,0,0,1
303,19,2208,1,0,0,0,1
304,20,2592,0,0,0,0,1
305,21,2148,1,0,0,0,1
306,22,2607,0,0,0,0,1
307,23,2598,0,0,0,0,1
308,20,1803,1,0,1,0,0
309,19,1200,1,0,0,0,1
310,22,3261,0,0,0,1,0
311,21,1899,0,1,0,0,0
312,20,1509,1,0,0,0,1
313,19,2028,1,0,1,0,0
314,18,1257,1,0,0,0,1
315,21,2412,0,0,0,1,0
316,21,1590,0,0,0,0,1
317,21,1536,0,0,1,0,0
318,21,2022,0,1,0,0,0
319,21,1440,0,0,1,0,0
320,23,1956,0,0,0,0,1
321,22,3273,1,0,0,1,0
322,21,2217,1,1,0,0,0
323,22,1299,1,0,0,0,1
324,20,1713,0,0,0,0,1
325,21,1428,0,0,0,0,1
326,19,1431,0,1,0,0,0
327,23,1227,0,0,0,0,1
328,22,1557,1,0,0,0,1
329,22,1728,1,0,0,0,1
330,18,1200,0,0,0,0,1
331,23,1320,1,1,0,0,0
332,20,1326,0,0,0,0,1
333,23,2259,1,0,0,0,1
334,18,2010,1,0,0,0,1
335,21,1902,0,0,1,0,0
336,20,1260,0,1,0,0,0
337,19,1668,0,1,0,0,0
338,20,1203,1,0,0,0,1
339,21,1380,1,0,0,0,1
340,19,1929,1,0,0,0,1
341,21,2142,1,0,0,0,1
342,20,1929,0,0,1,0,0
343,20,1710,0,0,0,0,1
344,19,3150,1,0,0,1,0
345,21,1416,1,0,0,0,1
346,18,2616,0,0,0,0,1
347,20,1395,0,1,0,0,0
348,22,1503,1,0,0,0,1
349,22,2523,1,0,0,0,1
350,22,1245,0,1,0,0,0
351,22,2124,1,0,0,0,1
352,23,1296,1,0,0,0,1
353,22,1446,0,0,0,0,1
354,20,2781,1,0,0,0,1
355,20,2475,1,0,0,0,1
356,20,1377,1,0,0,0,1
357,19,1275,0,0,0,0,1
358,21,2925,0,0,0,0,1
359,21,2028,0,0,0,0,1
360,20,2001,1,0,0,0,1
361,19,1635,1,0,0,0,1
362,22,3171,1,0,0,0,1
363,20,1947,0,0,0,0,1
364,21,1365,1,0,0,0,1
365,21,1353,0,0,0,0,1
366,24,1632,1,0,0,0,1
367,19,1437,1,0,0,1,0
368,19,1299,1,0,0,0,1
369,20,1458,1,0,0,0,1
370,26,2520,0,0,0,0,1
371,20,1539,0,1,0,0,0
372,23,1434,0,0,0,0,1
373,18,1281,0,0,0,0,1
374,19,1638,1,0,1,0,0
375,19,1602,1,0,0,0,1
376,23,1887,1,0,0,0,1
377,21,2679,0,0,0,0,1
378,19,1794,0,0,0,0,1
379,22,1431,0,0,0,0,1
380,20,2808,0,0,0,1,0
381,21,1314,0,0,0,0,1
382,22,1368,1,0,1,0,0
383,21,2448,1,0,0,0,1
384,20,3018,1,0,0,1,0
385,20,2394,1,0,0,0,1
386,18,1500,0,1,0,0,0
387,20,1230,1,0,0,0,1
388,22,2661,0,0,0,1,0
389,21,1830,0,0,0,0,1
390,21,2715,0,0,0,1,0
391,19,1494,0,0,0,1,0
392,24,2181,0,0,0,0,1
393,21,1764,1,0,0,0,1
394,20,2676,1,0,0,0,1
395,22,1239,1,0,0,0,1
396,19,2391,0,0,1,0,0
397,20,1476,1,0,0,0,1
398,20,1977,1,0,0,0,1
399,22,2430,0,0,1,0,0
400,18,1809,1,0,0,0,1
401,19,2421,1,0,0,0,1
402,21,1908,0,0,0,0,1
403,21,2196,1,0,0,0,1
404,19,1218,0,1,0,0,0
405,20,1911,1,0,0,0,1
406,18,1443,1,1,0,0,0
407,22,2244,1,0,0,0,1
408,21,1236,1,0,0,0,1
409,21,1521,1,0,0,0,1
410,22,1377,1,0,0,0,1
411,20,1575,1,0,0,1,0
412,22,2316,0,0,0,0,1
413,18,2019,0,0,0,0,1
414,19,2103,0,0,0,0,1
415,20,1254,1,0,0,0,1
416,22,1878,1,0,0,0,1
417,21,1359,0,0,0,0,1
418,23,2079,1,0,0,0,1
419,20,1830,1,0,0,0,1
420,22,1431,1,0,0,0,1
421,18,1887,0,1,0,0,0
422,20,1314,0,0,0,0,1
423,19,2370,1,0,0,0,1
424,22,1323,1,0,1,0,0
425,22,1812,1,0,0,0,1
426,19,2475,1,0,0,0,1
427,22,2424,1,0,0,0,1
428,20,1782,1,0,0,0,1
429,22,1467,0,1,0,0,0
430,22,1611,1,1,0,0,0
431,19,2712,1,0,1,0,0
432,19,1200,0,0,0,0,1
433,21,2154,1,0,0,0,1
434,20,1572,1,0,1,0,0
435,21,1854,0,0,1,0,0
436,21,1239,1,0,0,0,1
437,20,1746,1,0,1,0,0
