Date,Temperature,IceCreamSales,SoftDrinkSales
2015-06-01,57,600,810
2015-06-02,63,880,1095
2015-06-03,58,675,1923
2015-06-04,65,375,1871
2015-06-05,73,653,2547
2015-06-06,70,857,1736
2015-06-07,75,574,2239
2015-06-08,73,705,1185
2015-06-09,75,903,1671
2015-06-10,76,1176,1318
2015-06-11,78,789,1170
2015-06-12,81,1189,1043
2015-06-13,80,515,907
2015-06-14,81,1153,1109
2015-06-15,79,1188,2400
2015-06-16,77,930,2312
2015-06-17,76,1112,2245
2015-06-18,77,898,2530
2015-06-19,73,1251,1044
2015-06-20,76,1114,1011
2015-06-21,73,1047,2189
2015-06-22,78,798,2723
2015-06-23,75,905,2813
2015-06-24,71,827,1906
2015-06-25,74,436,1523
2015-06-26,72,1048,1273
2015-06-27,66,860,2207
2015-06-28,66,859,2019
2015-06-29,71,1118,2557
2015-06-30,73,696,1044
