Weeks,Price_Coke,Price_Pepsi,Sales_Coke,Sales_Pepsi
1,1.88,1.89,231,226
2,1.91,1.86,166,210
3,1.83,1.94,247,261
4,1.83,1.95,312,192
5,1.98,1.82,144,269
6,1.85,1.95,355,206
7,1.96,1.89,253,242
8,1.92,1.92,294,272
9,1.89,1.93,273,277
10,1.87,1.86,279,254
11,1.87,1.9,239,178
12,1.9,1.86,216,289
13,1.83,1.92,286,241
14,1.88,1.92,308,229
15,1.85,1.91,319,224
16,1.89,1.93,230,287
17,1.88,1.95,253,185
18,1.96,1.83,264,318
19,1.86,1.94,278,170
20,1.86,1.93,241,217
21,1.89,1.84,225,219
22,1.91,1.88,271,255
23,1.89,1.89,186,215
24,1.91,1.91,170,251
25,1.91,1.87,203,243
26,1.88,1.95,301,142
27,1.88,1.93,270,308
28,1.87,1.91,217,244
29,1.87,1.96,240,191
30,1.84,1.96,248,173
31,1.85,1.93,210,220
32,1.84,1.97,297,139
33,1.94,1.85,282,198
34,1.83,1.92,303,139
35,1.88,1.85,279,288
36,1.9,1.98,243,160
37,1.91,1.85,196,214
38,1.95,1.96,225,233
39,1.86,1.97,249,192
40,1.88,1.9,301,223
41,1.83,1.92,286,241
42,1.91,1.87,272,213
43,1.96,1.82,236,318
44,1.88,1.83,188,272
45,1.93,1.93,250,263
46,1.88,1.9,277,224
47,1.81,1.92,358,162
48,1.94,1.9,244,306
49,1.94,1.87,193,216
50,1.92,1.87,249,203
51,1.96,1.82,193,253
52,1.91,1.85,306,259
53,1.87,1.9,176,242
54,1.93,1.86,225,280
55,1.91,1.88,226,243
56,1.95,1.82,221,356
57,1.89,1.92,286,210
58,1.92,1.9,271,214
59,1.97,1.89,187,197
60,1.91,1.87,226,241
61,1.85,1.95,256,169
62,1.99,1.95,216,231
63,1.89,1.92,267,198
64,1.81,1.93,267,200
65,1.92,1.9,247,237
66,1.96,1.95,192,203
67,1.88,1.86,140,278
68,1.85,1.92,234,278
69,1.85,1.99,245,185
70,1.92,1.94,225,167
71,1.9,1.98,253,207
72,1.9,1.89,198,312
73,1.87,1.91,231,234
74,1.93,1.84,260,335
75,1.95,1.9,232,281
76,1.91,1.89,267,258
77,1.87,1.9,254,232
78,1.95,1.81,306,234
79,1.88,1.84,191,311
80,1.92,1.89,215,289
81,1.88,1.96,270,225
82,1.9,1.94,299,206
83,1.84,2.02,339,242
84,1.83,2.02,294,200
85,1.99,1.91,225,177
86,1.89,1.85,232,222
87,1.84,1.94,241,240
88,1.91,1.94,293,271
89,1.87,1.87,265,294
90,1.83,1.95,268,187
91,1.97,1.85,238,209
92,1.85,1.93,323,209
93,1.94,1.88,177,300
94,1.9,1.84,234,268
95,1.91,1.93,282,286
96,1.87,1.94,266,209
97,1.96,1.88,208,225
98,1.85,1.9,356,258
99,1.96,1.9,213,240
100,1.87,1.93,267,196
101,1.86,1.97,349,237
102,1.91,1.91,223,237
103,1.94,1.85,212,265
104,1.89,1.92,256,166
105,1.83,1.84,239,235
106,1.94,1.87,256,347
107,1.88,2.04,321,257
108,1.87,1.85,219,270
109,1.95,1.92,280,204
110,1.92,1.98,244,201
111,1.93,1.91,273,235
112,1.94,1.99,276,260
113,1.93,1.86,223,294
114,1.8,1.92,322,169
115,1.9,1.9,212,166
116,1.88,1.89,251,282
117,1.88,1.9,235,252
118,1.91,1.89,239,228
119,1.89,1.92,223,139
120,1.9,1.9,270,203
121,2.02,1.85,164,318
122,1.86,1.95,270,181
123,1.97,1.85,180,256
124,1.93,1.91,185,295
125,1.9,1.87,197,288
126,1.95,1.93,211,216
127,1.97,1.86,234,195
128,1.92,1.9,172,327
129,1.96,1.88,244,257
130,1.86,1.9,286,268
131,1.9,1.89,218,179
132,1.84,1.94,304,261
133,1.9,1.96,266,221
134,1.83,2,336,194
135,1.89,1.88,245,266
136,1.9,1.89,161,300
137,1.87,1.96,271,210
138,1.83,1.82,296,308
139,1.9,1.85,199,251
140,1.91,1.9,276,217
141,1.84,1.88,238,201
142,1.89,2.03,251,180
143,1.81,2.01,283,136
144,1.9,1.86,215,315
145,1.91,1.85,284,238
146,1.9,1.92,219,258
147,1.93,1.87,191,238
148,1.99,1.89,226,279
149,1.89,1.88,253,253
150,1.92,1.88,205,288
151,1.82,1.96,338,254
152,1.91,1.97,290,262
153,1.92,1.89,227,278
154,1.94,1.85,195,263
155,1.86,1.9,318,196
156,1.95,1.86,197,332
157,1.99,1.84,197,317
158,1.99,1.82,151,244
159,1.85,1.96,264,162
160,1.89,1.89,234,266
161,1.88,1.98,211,179
162,1.88,1.88,270,260
163,1.95,1.83,176,359
164,1.93,1.83,241,348
165,1.85,1.89,251,190
166,1.91,1.85,255,228
167,1.86,1.85,301,279
168,1.88,1.92,151,260
169,1.9,1.92,268,261
170,1.9,1.89,255,221
171,1.92,1.91,251,275
172,1.91,1.92,234,200
173,1.94,1.88,259,251
174,1.9,1.94,259,215
175,1.83,1.99,318,246
176,1.92,1.98,244,195
177,1.86,1.91,334,226
178,1.93,1.95,240,169
179,1.93,1.92,228,198
180,1.96,1.88,190,210
181,1.88,1.96,184,276
182,1.91,1.87,236,234
183,1.92,1.91,248,247
184,1.88,1.88,209,170
185,2,1.88,192,278
186,1.9,1.87,258,322
187,1.88,1.92,267,231
188,1.91,1.86,256,236
189,1.91,1.81,202,296
190,1.91,1.91,213,251
191,1.89,1.95,238,148
192,1.87,1.94,312,219
193,1.94,1.89,219,315
194,1.89,1.95,247,206
195,1.92,1.88,214,218
196,2.03,1.89,196,245
197,1.98,1.88,242,310
198,1.84,1.92,212,150
199,1.92,1.86,196,318
200,1.94,1.9,204,184
201,1.92,1.94,255,276
202,1.97,1.9,187,218
203,1.86,1.87,276,274
204,1.97,1.81,168,317
205,1.92,1.95,265,220
206,1.89,1.95,178,278
207,1.89,1.89,232,194
208,1.88,1.9,248,213
209,1.87,1.86,250,280
210,1.85,1.91,266,246
211,1.94,1.88,180,251
212,1.92,1.92,191,242
213,1.84,1.99,268,244
214,1.88,1.9,295,245
215,1.96,1.91,223,181
216,1.89,1.88,223,188
217,1.85,1.95,271,242
218,1.92,1.97,229,213
219,1.87,1.88,271,227
220,1.91,1.86,261,207
221,1.93,1.82,160,284
222,1.89,2,217,197
223,1.89,1.97,196,248
224,1.89,1.86,272,214
225,1.87,1.87,171,343
226,1.9,1.9,204,209
227,1.89,1.93,285,193
228,1.93,1.88,168,256
229,1.81,2,286,174
230,1.86,1.95,316,205
231,1.93,1.92,236,226
232,1.89,1.93,228,279
233,1.82,1.89,257,216
234,1.91,1.91,217,250
235,1.8,1.99,279,170
236,1.91,1.84,253,228
237,1.88,1.95,281,213
238,1.97,1.88,225,224
239,1.85,1.92,248,289
240,1.96,1.82,245,291
241,1.95,1.88,195,289
242,1.92,1.93,244,212
243,1.97,1.93,283,218
244,1.94,1.93,235,193
245,2.01,1.76,163,258
246,1.83,1.97,338,163
247,1.89,1.92,248,266
248,1.91,1.93,223,219
249,1.82,1.95,245,238
250,1.87,1.87,191,208
251,1.9,1.88,227,267
252,1.9,1.89,177,235
253,1.94,1.9,154,253
254,1.95,1.93,227,217
255,1.91,1.88,259,165
256,1.87,1.91,251,332
257,1.93,1.93,175,241
258,1.87,1.95,291,120
259,1.85,2.01,303,195
260,1.89,1.92,177,235
261,1.93,1.86,161,295
262,1.81,1.91,295,249
263,1.89,1.93,256,163
264,1.85,1.89,271,264
265,1.82,2.01,278,184
266,1.94,1.85,160,222
267,1.84,1.86,195,304
268,1.91,1.9,261,214
269,1.9,1.87,214,185
270,1.96,1.87,203,266
271,1.88,1.87,327,278
272,1.9,1.85,248,408
273,2.02,1.89,226,293
274,1.94,1.88,192,248
275,1.87,1.9,280,226
276,1.89,1.92,227,183
277,1.85,1.92,221,164
278,1.82,1.97,293,206
279,1.94,1.89,272,276
280,1.87,1.91,266,268
281,1.88,1.9,187,235
282,1.83,2.01,251,54
283,1.88,1.96,228,212
284,1.9,1.89,313,235
285,1.9,1.9,261,208
286,1.98,1.84,218,256
287,1.83,1.91,282,225
288,1.96,1.94,208,192
289,1.93,1.87,291,193
290,1.83,1.93,299,154
291,1.85,1.94,243,192
292,1.89,1.96,226,216
293,1.91,1.87,193,247
294,1.91,1.96,277,231
295,1.89,1.97,205,182
296,1.98,1.87,238,222
297,1.9,1.92,195,245
298,1.87,1.95,258,128
299,1.86,1.91,274,237
300,1.91,1.91,260,248
301,1.84,1.89,248,255
302,1.84,2,293,185
303,1.87,1.9,288,201
304,2,1.87,169,244
305,1.99,1.89,186,273
306,1.93,1.91,298,228
307,1.92,1.86,219,272
308,1.86,1.95,289,197
309,1.96,1.91,222,254
310,1.93,1.86,264,315
311,1.85,1.84,226,309
312,1.91,1.9,238,220
313,1.88,1.87,275,283
314,1.9,1.82,239,297
315,1.95,1.91,201,200
316,1.89,1.88,251,222
317,1.91,1.88,254,255
318,1.92,1.92,251,222
319,1.88,1.93,316,292
320,1.92,1.88,255,266
321,1.92,1.88,247,341
322,1.87,1.89,294,301
323,1.85,1.95,287,165
324,1.89,1.91,226,197
325,1.9,1.92,251,223
326,1.85,1.91,272,211
327,1.9,1.87,226,329
328,1.95,1.9,161,195
329,1.93,1.82,282,311
330,1.9,1.9,225,285
331,1.85,1.95,295,186
332,1.9,1.82,191,200
333,1.8,1.91,327,254
334,1.9,1.91,188,243
335,1.9,1.91,288,257
336,1.94,1.87,184,192
337,1.82,1.92,312,238
338,1.82,1.97,327,212
339,1.99,1.92,279,202
340,1.82,1.87,278,232
341,1.84,1.89,244,192
342,1.92,1.94,241,265
343,1.9,1.94,201,313
344,1.87,1.92,291,222
345,1.96,1.83,306,268
346,1.87,1.94,248,242
347,1.84,1.9,260,197
348,1.87,1.92,288,273
349,1.9,1.87,237,280
350,1.88,1.94,310,266
351,1.9,1.93,233,172
352,1.88,1.93,233,197
353,1.94,1.9,251,261
354,1.87,2.02,313,188
355,1.87,1.93,274,198
356,1.95,1.81,319,326
357,1.91,1.95,237,239
358,1.88,2.01,241,245
359,1.86,1.98,340,199
360,1.91,1.92,244,270
361,1.85,1.94,237,273
362,1.97,1.83,188,310
363,1.95,1.93,233,348
364,1.94,1.86,247,251
365,1.83,1.96,303,112
366,1.87,1.95,268,245
367,1.91,1.88,233,287
368,1.92,1.9,312,252
369,1.88,1.9,269,305
370,1.84,1.85,212,180
371,1.94,1.83,194,310
372,1.98,1.84,265,272
373,1.87,1.86,292,241
374,1.82,1.89,235,191
375,1.96,1.88,138,323
376,1.88,1.93,329,227
377,1.93,1.94,224,279
378,1.86,1.85,208,254
379,1.88,1.92,207,174
380,1.89,1.91,221,257
381,1.87,1.89,266,305
382,1.89,1.92,332,230
383,1.97,1.86,221,307
384,1.94,1.84,159,295
385,1.91,1.9,228,297
386,1.92,1.96,273,252
387,1.98,1.84,141,290
388,1.94,1.93,318,203
389,1.9,1.9,288,261
390,1.94,1.93,245,221
391,1.97,1.87,197,193
392,1.95,1.83,263,222
393,1.89,1.89,231,246
394,2,1.86,182,244
395,1.91,1.92,250,233
396,1.93,1.89,260,333
397,1.92,1.87,278,255
398,1.82,1.96,258,242
399,1.94,1.76,194,395
400,1.9,1.85,251,291
401,1.96,1.89,173,307
402,1.85,1.94,318,220
403,1.96,1.88,200,320
404,1.78,1.96,318,149
405,1.93,1.96,261,185
406,1.9,1.93,234,210
407,1.95,1.83,198,288
408,1.85,1.94,318,123
409,1.81,1.98,254,234
410,1.99,1.91,221,136
411,1.83,1.98,264,226
412,1.93,1.91,157,237
413,1.97,1.91,184,230
414,1.94,1.95,214,249
415,1.89,1.94,286,124
416,1.87,1.89,246,194
